0;0;0.318;0;0;0;0;0;0;
0;0;0.529;0;0;0;0;0.00417851;0;
0;0;0.701;0;0;0;0;0.00111488;0;
1;0;0.842;0;0;0;0;0.000684767;0;
1;0;0.852;0;0;0;0;0.000825072;0;
1;0;0.876;0;0;0;0;0.000986232;0;
1;0;0.908;0;0;0;0;0.00114386;0;
1;0;0.94;0;0;0;0;0.00130257;0;
1;0;0.972;0;0;0;0;0.00146229;0;
1;0;1.004;0;0;0;0;0.00162051;0;
1;0;1.036;0;0;0;0;0.00177998;0;
1;0;1.069;0;0;0;0;0.00193569;0;
1;0;1.1;0;0;0;0;0.00208522;0;
1;0;1.148;0;0;0;0;0.00221381;0;
1;0;1.18;0;0;0;0;0.00236414;0;
1;0;1.212;0;0;0;0;0.00251471;0;
1;0;1.244;0;0;0;0;0.00264518;0;
1;0;1.276;0;0;0;0;0.00277532;0;
1;0;1.308;0;0;0;0;0.00292028;0;
1;0;1.34;0;0;0;0;0.0030199;0;
1;0;1.372;0;0;0;0;0.00316407;0;
1;0;1.404;0;0;0;0;0.00321515;0;
1;0;1.437;0;0;0;0;0.00331819;0;
1;0;1.468;0;0;0;0;0.00334196;0;
1;0;1.5;0;0;0;0;0.00346003;0;
1;0;1.548;0;0;0;0;0.00355568;0;
1;0;1.58;0;0;0;0;0.00368672;0;
1;0;1.612;0;0;0;0;0.00379707;0;
1;0;1.644;0;0;0;0;0.0039289;0;
1;0;1.676;0;0;0;0;0.00405786;0;
1;0;1.708;0;0;0;0;0.00432781;0;
1;0;1.74;0;0;0;0;0.00633427;0;
1;0;1.773;0;0;0;0;0.0186154;0;
1;0;1.806;0;0;0;0;0.0212974;0;
1;0;1.837;0;0;0;0;0.0213107;0;
1;0;1.868;0;0;0;0;0.0215432;0;
1;0;1.9;0;0;0;0;0.0217639;0;
1;0;1.932;0;0;0;0;0.0217238;0;
1;0;1.98;0;0;0;0;0.021216;0;
1;0;2.012;0;0;0;0;0.0207454;0;
1;0;2.044;0;0;0;0;0.0207081;0;
1;0;2.076;0;0;0;0;0.0210591;0;
1;0;2.108;0;0;0;0;0.0222277;0;
1;0;2.14;0;0;0;0;0.0222962;0;
1;0;2.172;0;0;0;0;0.0221673;0;
1;0;2.205;0;0;0;0;0.0230274;0;
1;0;2.237;0;0;0;0;0.0234881;0;
1;0;2.268;0;0;0;0;0.0233231;0;
1;0;2.3;0;0;0;0;0.0246581;0;
1;0;2.333;0;0;0;0;0.0242894;0;
1;0;2.38;0;0;0;0;0.0288217;0;
1;0;2.412;0;0;0;0;0.0311839;0;
1;0;2.444;0;0;0;0;0.0411974;0;
1;0;2.476;0;0;0;0;0.0425067;0;
1;0;2.508;0;0;0;0;0.0468473;0;
1;0;2.54;0;0;0;0;0.0470671;0;
1;0;2.572;0;0;0;0;0.0504699;0;
1;0;2.605;0;0;0;0;0.0503506;0;
1;0;2.637;0;0;0;0;0.0506763;0;
1;0;2.668;0;0;0;0;0.0515466;0;
1;0;2.7;0;0;0;0;0.0522976;0;
1;0;2.735;0;0;0;0;0.0537714;0;
1;0;2.764;0;0;0;0;0.0542546;0;
1;0;2.812;0;0;0;0;0.0467007;0;
1;0;2.844;0;0;0;0;0.0472919;0;
1;0;2.876;0;0;0;0;0.0475206;0;
1;0;2.908;0;0;0;0;0.0417573;0;
1;0;2.94;0;0;0;0;0.0443441;0;
1;0;2.972;0;0;0;0;0.0380262;0;
1;0;3.004;0;0;0;0;0.0388323;0;
1;0;3.036;0;0;0;0;0.039111;0;
1;0;3.068;0;0;0;0;0.0395926;0;
1;0;3.1;0;0;0;0;0.0400185;0;
1;0;3.132;0;0;0;0;0.0410996;0;
1;0;3.164;0;0;0;0;0.0415487;0;
1;0;3.212;0;0;0;0;0.0427737;0;
1;0;3.244;0;0;0;0;0.0441998;0;
1;0;3.277;0;0;0;0;0.0470293;0;
1;0;3.308;0;0;0;0;0.0490735;0;
1;0;3.34;0;0;0;0;0.049062;0;
1;0;3.374;0;0;0;0;0.0492565;0;
1;0;3.404;0;0;0;0;0.0499989;0;
1;0;3.437;0;0;0;0;0.0514151;0;
1;0;3.469;0;0;0;0;0.052922;0;
1;0;3.5;0;0;0;0;0.0530192;0;
1;0;3.54;0;0;0;0;0.052812;0;
1;0;3.564;0;0;0;0;0.0525377;0;
1;0;3.612;0;0;0;0;0.0520741;0;
1;0;3.644;0;0;0;0;0.0515589;0;
1;0;3.676;0;0;0;0;0.0510427;0;
1;0;3.708;0;0;0;0;0.050558;0;
1;0;3.74;0;0;0;0;0.0506618;0;
1;0;3.773;0;0;0;0;0.0601257;0;
1;0;3.805;0;0;0;0;0.0605961;0;
1;0;3.837;0;0;0;0;0.060274;0;
1;0;3.868;0;0;0;0;0.0720358;0;
1;0;3.9;0;0;0;0;0.0666311;0;
1;0;3.939;0;0;0;0;0.0871521;0;
1;0;3.964;0;0;0;0;0.0740389;0;
1;0;3.996;0;0;0;0;0.0604596;0;
1;0;4.044;0;0;0;0;0.0588105;0;
1;0;4.076;0;0;0;0;0.0577395;0;
1;0;4.108;0;0;0;0;0.0548774;0;
1;0;4.141;0;0;0;0;0.0530378;0;
1;0;4.172;0;0;0;0;0.04497;0;
1;0;4.205;0;0;0;0;0.039888;0;
1;0;4.24;0;0;0;0;0.0348201;0;
1;0;4.269;0;0;0;0;0.0307862;0;
1;0;4.3;0;0;0;0;0.0284268;0;
1;0;4.333;0;0;0;0;0.026318;0;
1;0;4.364;0;0;0;0;0.0260503;0;
1;0;4.396;0;0;0;0;0.0254667;0;
1;0;4.444;0;0;0;0;0.0246924;0;
1;0;4.476;0;0;0;0;0.0246115;0;
1;0;4.509;0;0;0;0;0.0245554;0;
1;0;4.543;0;0;0;0;0.0245318;0;
1;0;4.582;0;0;0;0;0.0243408;0;
1;0;4.604;0;0;0;0;0.0243753;0;
1;0;4.638;0;0;0;0;0.0240338;0;
1;0;4.669;0;0;0;0;0.0241324;0;
1;0;4.7;0;0;0;0;0.023583;0;
1;0;4.732;0;0;0;0;0.0238207;0;
1;0;4.764;0;0;0;0;0.0234775;0;
1;0;4.796;0;0;0;0;0.0234049;0;
1;0;4.828;0;0;0;0;0.0235573;0;
1;0;4.876;0;0;0;0;0.0240567;0;
1;0;4.908;0;0;0;0;0.0246016;0;
1;0;4.941;0;0;0;0;0.0255991;0;
1;0;4.972;0;0;0;0;0.027283;0;
1;0;5.004;0;0;0;0;0.0270686;0;
1;0;5.037;0;0;0;0;0.026633;0;
1;0;5.068;0;0;0;0;0.0271788;0;
1;0;5.1;0;0;0;0;0.027574;0;
1;0;5.136;0;0;0;0;0.0296655;0;
1;0;5.164;0;0;0;0;0.0314391;0;
1;0;5.196;0;0;0;0;0.0344241;0;
1;0;5.228;0;0;0;0;0.0382411;0;
1;0;5.276;0;0;0;0;0.0424444;0;
1;0;5.308;0;0;0;0;0.0479005;0;
1;0;5.341;0;0;0;0;0.0450472;0;
1;0;5.372;0;0;0;0;0.0425661;0;
1;0;5.405;0;0;0;0;0.0430234;0;
1;0;5.439;0;0;0;0;0.0412334;0;
1;0;5.469;0;0;0;0;0.0412388;0;
0;0;5.501;0;0;0;0;0.0411956;0;
1;0;5.695;0;0;0;0;0.0418093;0;
1;0;5.709;0;0;0;0;0.0409429;0;
1;0;5.74;0;0;0;0;0.0417573;0;
1;0;5.773;0;0;0;0;0.0418595;0;
1;0;5.805;0;0;0;0;0.0437167;0;
1;0;5.841;0;0;0;0;0.0437844;0;
1;0;5.872;0;0;0;0;0.0449702;0;
1;0;5.9;0;0;0;0;0.0445057;0;
1;0;5.932;0;0;0;0;0.0445185;0;
1;0;5.964;0;0;0;0;0.0449885;0;
1;0;5.996;0;0;0;0;0.0456852;0;
1;0;6.028;0;0;0;0;0.0465251;0;
1;0;6.06;0;0;0;0;0.047407;0;
1;0;6.108;0;0;0;0;0.0492238;0;
1;0;6.146;0;0;0;0;0.0519625;0;
1;0;6.172;0;0;0;0;0.0525504;0;
1;0;6.205;0;0;0;0;0.0528386;0;
1;0;6.239;0;0;0;0;0.0556784;0;
1;0;6.27;0;0;0;0;0.0581946;0;
1;0;6.3;0;0;0;0;0.0596961;0;
1;42;6.332;0;22.9235;0;0;0.0616336;0;
1;42;6.364;0;22.9235;0;0;0.0625889;0;
1;42;6.396;0;22.9235;0;0;0.0629571;0;
1;42;6.428;0;22.9235;0;0;0.0684229;0;
1;42;6.46;0;22.9235;0;0;0.0803923;0;
1;42;6.508;0;22.9235;0;0;0.0873607;0;
1;42;6.546;0;22.9235;0;0;0.0977602;0;
1;42;6.572;0;22.9235;0;0;0.0995629;0;
1;42;6.604;0;22.9235;0;0;0.101452;0;
1;42;6.644;0;22.9235;0;0;0.103092;0;
1;42;6.668;0;22.9235;0;0;0.110586;0;
1;42;6.7;0;22.9235;0;0;0.115258;0;
1;42;6.732;0;22.9235;0;0;0.116569;0;
1;42;6.764;0;22.9235;0;0;0.117245;0;
1;42;6.796;0;22.9235;0;0;0.116923;0;
1;42;6.828;0;22.9235;0;0;0.118261;0;
1;42;6.86;0;22.9235;0;0;0.124127;0;
1;42;6.892;0;22.9235;0;0;0.127739;0;
1;42;6.94;0;22.9235;0;0;0.128171;0;
1;42;6.972;0;22.9235;0;0;0.130077;0;
1;42;7.004;0;22.9235;0;0;0.114896;0;
1;42;7.036;0;22.9235;0;0;0.11834;0;
1;42;7.068;0;22.9235;0;0;0.116586;0;
1;42;7.1;0;22.9235;0;0;0.109615;0;
1;42;7.132;0;22.9235;0;0;0.0988753;0;
1;42;7.164;0;22.9235;0;0;0.0951242;0;
1;42;7.197;0;22.9235;0;0;0.0828342;0;
1;42;7.228;0;22.9235;0;0;0.0833265;0;
1;42;7.26;0;22.9235;0;0;0.0861186;0;
1;42;7.292;0;22.9235;0;0;0.0875988;0;
1;42;7.341;0;22.9235;0;0;0.0875201;0;
1;42;7.372;0;22.9235;0;0;0.0879696;0;
1;42;7.404;0;22.9235;0;0;0.0920322;0;
1;42;7.437;0;22.9235;0;0;0.0905447;0;
1;42;7.469;0;22.9235;0;0;0.0884042;0;
1;42;7.501;0;22.9235;0;0;0.0880397;0;
1;42;7.532;0;22.9235;0;0;0.0870782;0;
1;45;7.564;0.047771;19.9093;0;0.0873774;0.0875355;15.9862;
1;45;7.596;0.047771;19.9093;0;0.0873774;0.0877507;15.9862;
1;45;7.628;0.047771;19.9093;0;0.0873774;0.0866508;15.9862;
1;45;7.66;0.047771;19.9093;0;0.0873774;0.084832;15.9862;
1;45;7.692;0.047771;19.9093;0;0.0873774;0.0841247;15.9862;
1;45;7.724;0.047771;19.9093;0;0.0873774;0.0839726;15.9862;
1;45;7.772;0.047771;19.9093;0;0.0873774;0.0835859;15.9862;
1;45;7.804;0.047771;19.9093;0;0.0873774;0.0818078;15.9862;
1;45;7.839;0.047771;19.9093;0;0.0873774;0.0815554;15.9862;
1;45;7.869;0.047771;19.9093;0;0.0873774;0.079928;15.9862;
1;45;7.901;0.047771;19.9093;0;0.0873774;0.0801512;15.9862;
1;45;7.932;0.047771;19.9093;0;0.0873774;0.0798946;15.9862;
1;45;7.964;0.047771;19.9093;0;0.0873774;0.0859584;15.9862;
1;45;7.996;0.047771;19.9093;0;0.0873774;0.0844583;15.9862;
1;45;8.028;0.047771;19.9093;0;0.0873774;0.0840203;15.9862;
1;45;8.06;0.047771;19.9093;0;0.0873774;0.0876001;15.9862;
1;45;8.092;0.047771;19.9093;0;0.0873774;0.0958831;15.9862;
1;45;8.124;0.047771;19.9093;0;0.0873774;0.099461;15.9862;
1;45;8.172;0.047771;19.9093;0;0.0873774;0.119523;15.9862;
1;45;8.204;0.047771;19.9093;0;0.0873774;0.120449;15.9862;
1;45;8.239;0.047771;19.9093;0;0.0873774;0.121258;15.9862;
1;45;8.269;0.047771;19.9093;0;0.0873774;0.124171;15.9862;
1;45;8.3;0.047771;19.9093;0;0.0873774;0.119058;15.9862;
1;45;8.333;0.047771;19.9093;0;0.0873774;0.114797;15.9862;
1;45;8.364;0.047771;19.9093;0;0.0873774;0.115304;15.9862;
1;45;8.397;0.047771;19.9093;0;0.0873774;0.0814053;15.9862;
1;45;8.428;0.047771;19.9093;0;0.0873774;0.0814837;15.9862;
1;45;8.46;0.047771;19.9093;0;0.0873774;0.0815931;15.9862;
1;45;8.492;0.047771;19.9093;0;0.0873774;0.0819243;15.9862;
1;45;8.524;0.047771;19.9093;0;0.0873774;0.0814719;15.9862;
1;45;8.572;0.047771;19.9093;0;0.0873774;0.0800388;15.9862;
1;45;8.604;0.047771;19.9093;0;0.0873774;0.0804077;15.9862;
1;45;8.636;0.047771;19.9093;0;0.0873774;0.0821972;15.9862;
1;51;8.669;0.093332;13.025;0;0.157172;0.0830114;9.15869;
1;51;8.701;0.093332;13.025;0;0.157172;0.0834599;9.15869;
1;51;8.732;0.093332;13.025;0;0.157172;0.0821818;9.15869;
1;51;8.764;0.093332;13.025;0;0.157172;0.0845099;9.15869;
1;51;8.796;0.093332;13.025;0;0.157172;0.0853589;9.15869;
1;51;8.828;0.093332;13.025;0;0.157172;0.0873256;9.15869;
1;51;8.86;0.093332;13.025;0;0.157172;0.0863797;9.15869;
1;51;8.892;0.093332;13.025;0;0.157172;0.08226;9.15869;
1;51;8.924;0.093332;13.025;0;0.157172;0.0743436;9.15869;
1;51;8.956;0.093332;13.025;0;0.157172;0.075256;9.15869;
1;51;9.004;0.093332;13.025;0;0.157172;0.0760216;9.15869;
1;51;9.036;0.093332;13.025;0;0.157172;0.076168;9.15869;
1;51;9.068;0.093332;13.025;0;0.157172;0.0758184;9.15869;
1;51;9.1;0.093332;13.025;0;0.157172;0.0755994;9.15869;
1;51;9.132;0.093332;13.025;0;0.157172;0.0743676;9.15869;
1;51;9.165;0.093332;13.025;0;0.157172;0.0739862;9.15869;
1;51;9.196;0.093332;13.025;0;0.157172;0.0740181;9.15869;
1;51;9.228;0.093332;13.025;0;0.157172;0.0739628;9.15869;
1;51;9.26;0.093332;13.025;0;0.157172;0.0763613;9.15869;
1;51;9.292;0.093332;13.025;0;0.157172;0.0770077;9.15869;
1;51;9.324;0.093332;13.025;0;0.157172;0.0760683;9.15869;
1;51;9.356;0.093332;13.025;0;0.157172;0.10523;9.15869;
1;51;9.405;0.093332;13.025;0;0.157172;0.103582;9.15869;
1;51;9.438;0.093332;13.025;0;0.157172;0.102793;9.15869;
1;51;9.468;0.093332;13.025;0;0.157172;0.103966;9.15869;
1;51;9.505;0.093332;13.025;0;0.157172;0.102814;9.15869;
1;51;9.533;0.093332;13.025;0;0.157172;0.105358;9.15869;
1;51;9.571;0.093332;13.025;0;0.157172;0.104915;9.15869;
1;51;9.596;0.093332;13.025;0;0.157172;0.105017;9.15869;
1;51;9.629;0.093332;13.025;0;0.157172;0.104657;9.15869;
1;51;9.668;0.093332;13.025;0;0.157172;0.0995769;9.15869;
1;51;9.692;0.093332;13.025;0;0.157172;0.10054;9.15869;
1;51;9.724;0.093332;13.025;0;0.157172;0.100111;9.15869;
1;51;9.756;0.093332;13.025;0;0.157172;0.0932943;9.15869;
1;51;9.788;0.093332;13.025;0;0.157172;0.0860067;9.15869;
1;51;9.837;0.093332;13.025;0;0.157172;0.081703;9.15869;
1;51;9.868;0.093332;13.025;0;0.157172;0.0830728;9.15869;
1;51;9.9;0.093332;13.025;0;0.157172;0.0950514;9.15869;
1;51;9.932;0.093332;13.025;0;0.157172;0.0954593;9.15869;
1;51;9.964;0.093332;13.025;0;0.157172;0.0956686;9.15869;
1;51;9.996;0.093332;13.025;0;0.157172;0.0952012;9.15869;
1;49;10.028;0.0834562;6.43099;0;0.136502;0.0947887;9.96484;
1;49;10.061;0.0834562;6.43099;0;0.136502;0.0948593;9.96484;
1;49;10.092;0.0834562;6.43099;0;0.136502;0.0961811;9.96484;
1;49;10.124;0.0834562;6.43099;0;0.136502;0.0971588;9.96484;
1;49;10.156;0.0834562;6.43099;0;0.136502;0.0972317;9.96484;
1;49;10.188;0.0834562;6.43099;0;0.136502;0.0968708;9.96484;
1;49;10.237;0.0834562;6.43099;0;0.136502;0.0966224;9.96484;
1;49;10.272;0.0834562;6.43099;0;0.136502;0.0988698;9.96484;
1;49;10.301;0.0834562;6.43099;0;0.136502;0.100178;9.96484;
1;49;10.337;0.0834562;6.43099;0;0.136502;0.101382;9.96484;
1;49;10.364;0.0834562;6.43099;0;0.136502;0.103949;9.96484;
1;49;10.396;0.0834562;6.43099;0;0.136502;0.103833;9.96484;
1;49;10.428;0.0834562;6.43099;0;0.136502;0.101633;9.96484;
1;49;10.471;0.0834562;6.43099;0;0.136502;0.103193;9.96484;
1;49;10.493;0.0834562;6.43099;0;0.136502;0.101244;9.96484;
1;49;10.524;0.0834562;6.43099;0;0.136502;0.101874;9.96484;
1;49;10.556;0.0834562;6.43099;0;0.136502;0.10121;9.96484;
1;49;10.588;0.0834562;6.43099;0;0.136502;0.101395;9.96484;
1;49;10.62;0.0834562;6.43099;0;0.136502;0.104251;9.96484;
1;49;10.669;0.0834562;6.43099;0;0.136502;0.103839;9.96484;
1;49;10.701;0.0834562;6.43099;0;0.136502;0.102858;9.96484;
1;49;10.737;0.0834562;6.43099;0;0.136502;0.106464;9.96484;
1;49;10.765;0.0834562;6.43099;0;0.136502;0.116522;9.96484;
1;49;10.796;0.0834562;6.43099;0;0.136502;0.1216;9.96484;
1;49;10.828;0.0834562;6.43099;0;0.136502;0.123046;9.96484;
1;49;10.862;0.0834562;6.43099;0;0.136502;0.121159;9.96484;
1;49;10.892;0.0834562;6.43099;0;0.136502;0.117592;9.96484;
1;49;10.924;0.0834562;6.43099;0;0.136502;0.114565;9.96484;
1;49;10.956;0.0822631;13.3866;0;0.125811;0.111894;10.1094;
1;49;10.988;0.0822631;13.3866;0;0.125811;0.109222;10.1094;
1;49;11.02;0.0822631;13.3866;0;0.125811;0.10655;10.1094;
1;49;11.068;0.0822631;13.3866;0;0.125811;0.102156;10.1094;
1;49;11.101;0.0822631;13.3866;0;0.125811;0.0977817;10.1094;
1;49;11.133;0.0822631;13.3866;0;0.125811;0.0920093;10.1094;
1;49;11.166;0.0822631;13.3866;0;0.125811;0.0893911;10.1094;
1;49;11.196;0.0822631;13.3866;0;0.125811;0.0814686;10.1094;
1;49;11.229;0.0822631;13.3866;0;0.125811;0.0814877;10.1094;
1;49;11.261;0.0822631;13.3866;0;0.125811;0.0814655;10.1094;
1;49;11.292;0.0822631;13.3866;0;0.125811;0.081571;10.1094;
1;49;11.324;0.0822631;13.3866;0;0.125811;0.0805844;10.1094;
1;49;11.356;0.0822631;13.3866;0;0.125811;0.0800933;10.1094;
1;49;11.388;0.0822631;13.3866;0;0.125811;0.0816076;10.1094;
1;49;11.421;0.0822631;13.3866;0;0.125811;0.0818689;10.1094;
1;49;11.468;0.0822631;13.3866;0;0.125811;0.0832826;10.1094;
1;49;11.501;0.0822631;13.3866;0;0.125811;0.0839992;10.1094;
1;49;11.533;0.0822631;13.3866;0;0.125811;0.0842427;10.1094;
1;49;11.564;0.0822631;13.3866;0;0.125811;0.0842614;10.1094;
1;49;11.596;0.0822631;13.3866;0;0.125811;0.0854581;10.1094;
1;49;11.628;0.0822631;13.3866;0;0.125811;0.0746407;10.1094;
1;49;11.661;0.0822631;13.3866;0;0.125811;0.0747728;10.1094;
1;49;11.692;0.0822631;13.3866;0;0.125811;0.0764791;10.1094;
1;49;11.724;0.0822631;13.3866;0;0.125811;0.0730486;10.1094;
1;49;11.756;0.0822631;13.3866;0;0.125811;0.075041;10.1094;
1;49;11.788;0.0822631;13.3866;0;0.125811;0.0762033;10.1094;
1;49;11.82;0.0822631;13.3866;0;0.125811;0.0742809;10.1094;
1;49;11.853;0.0822631;13.3866;0;0.125811;0.0737199;10.1094;
1;59;11.901;0.0927364;6.81561;0;0.126182;0.0738187;10.6685;
1;59;11.932;0.0927364;6.81561;0;0.126182;0.0734933;10.6685;
1;59;11.967;0.0927364;6.81561;0;0.126182;0.0724125;10.6685;
1;59;11.996;0.0927364;6.81561;0;0.126182;0.0735413;10.6685;
1;59;12.028;0.0927364;6.81561;0;0.126182;0.0761039;10.6685;
1;59;12.062;0.0927364;6.81561;0;0.126182;0.0712697;10.6685;
1;59;12.092;0.0927364;6.81561;0;0.126182;0.0750519;10.6685;
1;59;12.124;0.0927364;6.81561;0;0.126182;0.0773103;10.6685;
1;59;12.156;0.0927364;6.81561;0;0.126182;0.0849013;10.6685;
1;59;12.188;0.0927364;6.81561;0;0.126182;0.0853855;10.6685;
1;59;12.22;0.0927364;6.81561;0;0.126182;0.0856642;10.6685;
1;59;12.252;0.0927364;6.81561;0;0.126182;0.0860691;10.6685;
1;59;12.301;0.0927364;6.81561;0;0.126182;0.0886702;10.6685;
1;59;12.332;0.0927364;6.81561;0;0.126182;0.0905778;10.6685;
1;59;12.364;0.0927364;6.81561;0;0.126182;0.0909343;10.6685;
1;59;12.396;0.0927364;6.81561;0;0.126182;0.0851774;10.6685;
1;59;12.428;0.0927364;6.81561;0;0.126182;0.0855737;10.6685;
1;59;12.46;0.0927364;6.81561;0;0.126182;0.0860596;10.6685;
1;59;12.492;0.0927364;6.81561;0;0.126182;0.0866366;10.6685;
1;59;12.524;0.0927364;6.81561;0;0.126182;0.08713;10.6685;
1;59;12.556;0.0927364;6.81561;0;0.126182;0.0875976;10.6685;
1;59;12.588;0.0927364;6.81561;0;0.126182;0.104694;10.6685;
1;59;12.62;0.0927364;6.81561;0;0.126182;0.105286;10.6685;
1;59;12.652;0.0927364;6.81561;0;0.126182;0.103667;10.6685;
1;59;12.684;0.0927364;6.81561;0;0.126182;0.109383;10.6685;
1;59;12.732;0.0927364;6.81561;0;0.126182;0.107654;10.6685;
1;59;12.765;0.0927364;6.81561;0;0.126182;0.107387;10.6685;
1;53;12.796;0.0796568;6.85924;0;0.105771;0.107101;11.176;
1;53;12.828;0.0796568;6.85924;0;0.105771;0.103591;11.176;
1;53;12.86;0.0796568;6.85924;0;0.105771;0.106047;11.176;
1;53;12.892;0.0796568;6.85924;0;0.105771;0.109745;11.176;
1;53;12.924;0.0796568;6.85924;0;0.105771;0.115941;11.176;
1;53;12.956;0.0796568;6.85924;0;0.105771;0.117365;11.176;
1;53;12.988;0.0796568;6.85924;0;0.105771;0.117646;11.176;
1;53;13.02;0.0796568;6.85924;0;0.105771;0.140886;11.176;
1;53;13.052;0.0796568;6.85924;0;0.105771;0.140331;11.176;
1;53;13.086;0.0796568;6.85924;0;0.105771;0.14002;11.176;
1;53;13.133;0.0796568;6.85924;0;0.105771;0.139692;11.176;
1;53;13.165;0.0796568;6.85924;0;0.105771;0.138795;11.176;
1;53;13.196;0.0796568;6.85924;0;0.105771;0.138316;11.176;
1;53;13.228;0.0796568;6.85924;0;0.105771;0.138051;11.176;
1;53;13.26;0.0796568;6.85924;0;0.105771;0.137667;11.176;
1;53;13.292;0.0796568;6.85924;0;0.105771;0.137495;11.176;
1;53;13.324;0.0796568;6.85924;0;0.105771;0.136933;11.176;
1;53;13.356;0.0796568;6.85924;0;0.105771;0.152073;11.176;
1;53;13.388;0.0796568;6.85924;0;0.105771;0.15167;11.176;
1;53;13.42;0.0796568;6.85924;0;0.105771;0.151566;11.176;
1;53;13.452;0.0796568;6.85924;0;0.105771;0.150588;11.176;
1;51;13.484;0.0924532;3.90067;0;0.107358;0.148898;9.28854;
1;51;13.517;0.0924532;3.90067;0;0.107358;0.148404;9.28854;
1;51;13.589;0.0924532;3.90067;0;0.107358;0.142423;9.28854;
1;51;13.604;0.0924532;3.90067;0;0.107358;0.142977;9.28854;
1;51;13.628;0.0924532;3.90067;0;0.107358;0.14704;9.28854;
1;51;13.66;0.0924532;3.90067;0;0.107358;0.151432;9.28854;
1;51;13.701;0.0924532;3.90067;0;0.107358;0.189316;9.28854;
1;51;13.726;0.0924532;3.90067;0;0.107358;0.189316;9.28854;
1;51;13.769;0.0924532;3.90067;0;0.107358;0.189316;9.28854;
1;51;13.792;0.0924532;3.90067;0;0.107358;0.188945;9.28854;
1;51;13.843;0.0924532;3.90067;0;0.107358;0.194054;9.28854;
1;51;13.866;0.0924532;3.90067;0;0.107358;0.194054;9.28854;
1;51;13.912;0.0924532;3.90067;0;0.107358;0.219728;9.28854;
1;51;13.935;0.0924532;3.90067;0;0.107358;0.219728;9.28854;
1;51;13.973;0.0924532;3.90067;0;0.107358;0.217054;9.28854;
1;51;13.996;0.0924532;3.90067;0;0.107358;0.217054;9.28854;
1;51;14.061;0.0924532;3.90067;0;0.107358;0.201685;9.28854;
1;51;14.079;0.0924532;3.90067;0;0.107358;0.165962;9.28854;
1;51;14.093;0.0924532;3.90067;0;0.107358;0.156665;9.28854;
1;51;14.124;0.0924532;3.90067;0;0.107358;0.152501;9.28854;
1;51;14.156;0.0924532;3.90067;0;0.107358;0.146219;9.28854;
1;51;14.189;0.0924532;3.90067;0;0.107358;0.134753;9.28854;
1;51;14.22;0.0924532;3.90067;0;0.107358;0.127055;9.28854;
1;51;14.253;0.0924532;3.90067;0;0.107358;0.125153;9.28854;
1;51;14.285;0.0924532;3.90067;0;0.107358;0.11915;9.28854;
1;51;14.316;0.0924532;3.90067;0;0.107358;0.118036;9.28854;
1;51;14.367;0.0924532;3.90067;0;0.107358;0.115763;9.28854;
1;51;14.396;0.0924532;3.90067;0;0.107358;0.114421;9.28854;
1;51;14.442;0.0869301;7.83721;0;0.0969082;0.111941;9.87868;
1;51;14.465;0.0869301;7.83721;0;0.0969082;0.11003;9.87868;
1;51;14.492;0.0869301;7.83721;0;0.0969082;0.109809;9.87868;
1;51;14.524;0.0869301;7.83721;0;0.0969082;0.113509;9.87868;
1;51;14.556;0.0869301;7.83721;0;0.0969082;0.113455;9.87868;
1;51;14.588;0.0869301;7.83721;0;0.0969082;0.110709;9.87868;
1;51;14.62;0.0869301;7.83721;0;0.0969082;0.109989;9.87868;
1;51;14.652;0.0869301;7.83721;0;0.0969082;0.107802;9.87868;
1;51;14.685;0.0869301;7.83721;0;0.0969082;0.107557;9.87868;
1;51;14.716;0.0869301;7.83721;0;0.0969082;0.107311;9.87868;
1;51;14.75;0.0869301;7.83721;0;0.0969082;0.10756;9.87868;
1;51;14.796;0.0869301;7.83721;0;0.0969082;0.108285;9.87868;
1;51;14.828;0.0869301;7.83721;0;0.0969082;0.10845;9.87868;
1;51;14.86;0.0869301;7.83721;0;0.0969082;0.109728;9.87868;
1;51;14.892;0.0869301;7.83721;0;0.0969082;0.10988;9.87868;
1;51;14.924;0.0869301;7.83721;0;0.0969082;0.11182;9.87868;
1;51;14.956;0.0869301;7.83721;0;0.0969082;0.113353;9.87868;
1;51;14.988;0.0869301;7.83721;0;0.0969082;0.116937;9.87868;
1;51;15.02;0.0869301;7.83721;0;0.0969082;0.120809;9.87868;
1;51;15.052;0.0869301;7.83721;0;0.0969082;0.125233;9.87868;
1;51;15.085;0.0869301;7.83721;0;0.0969082;0.125276;9.87868;
1;51;15.117;0.0869301;7.83721;0;0.0969082;0.124807;9.87868;
1;51;15.152;0.0869301;7.83721;0;0.0969082;0.107617;9.87868;
1;51;15.196;0.0869301;7.83721;0;0.0969082;0.097514;9.87868;
1;51;15.228;0.0869301;7.83721;0;0.0969082;0.0759478;9.87868;
0;51;15.26;0.0869301;7.83721;0;0.0969082;0.0642458;9.87868;
0;51;15.436;0.0869301;7.83721;0;0.0969082;0.0574827;9.87868;
1;51;15.613;0.0869301;7.83721;0;0.0969082;0.0416548;9.87868;
1;51;15.628;0.0869301;7.83721;0;0.0969082;0.0367327;9.87868;
1;51;15.66;0.0869301;7.83721;0;0.0969082;0.0351154;9.87868;
1;56;15.692;0.113916;44.6234;0;0.115646;0.0352591;8.31556;
1;56;15.724;0.113916;44.6234;0;0.115646;0.0352854;8.31556;
1;56;15.756;0.113916;44.6234;0;0.115646;0.0352968;8.31556;
1;56;15.788;0.113916;44.6234;0;0.115646;0.035179;8.31556;
1;56;15.82;0.113916;44.6234;0;0.115646;0.0352919;8.31556;
1;56;15.852;0.113916;44.6234;0;0.115646;0.0350909;8.31556;
0;56;15.884;0.113916;44.6234;0;0.115646;0.0329711;8.31556;
1;56;16.03;0.113916;44.6234;0;0.115646;0.0325181;8.31556;
0;56;16.06;0.113916;44.6234;0;0.115646;0.0248453;8.31556;
0;56;16.234;0.113916;44.6234;0;0.115646;0.0247201;8.31556;
0;56;16.415;0.113916;44.6234;0;0.115646;0.023948;8.31556;
1;56;16.604;0.113916;44.6234;0;0.115646;0.0189458;8.31556;
1;56;16.62;0.113916;44.6234;0;0.115646;0.0131588;8.31556;
1;56;16.652;0.113916;44.6234;0;0.115646;0.0130961;8.31556;
1;56;16.684;0.113916;44.6234;0;0.115646;0.0130566;8.31556;
1;56;16.717;0.113916;44.6234;0;0.115646;0.0130415;8.31556;
1;56;16.749;0.113916;44.6234;0;0.115646;0.0130339;8.31556;
1;56;16.78;0.113916;44.6234;0;0.115646;0.0129119;8.31556;
1;56;16.812;0.113916;44.6234;0;0.115646;0.0129145;8.31556;
1;56;16.86;0.113916;44.6234;0;0.115646;0.0129362;8.31556;
1;56;16.892;0.113916;44.6234;0;0.115646;0.0129602;8.31556;
1;56;16.924;0.113916;44.6234;0;0.115646;0.0132263;8.31556;
1;50;16.956;0.123091;44.8632;0;0.130496;0.0134013;6.89047;
1;50;16.988;0.123091;44.8632;0;0.130496;0.0138726;6.89047;
1;50;17.02;0.123091;44.8632;0;0.130496;0.0143898;6.89047;
1;50;17.052;0.123091;44.8632;0;0.130496;0.014751;6.89047;
1;50;17.085;0.123091;44.8632;0;0.130496;0.0163195;6.89047;
1;50;17.116;0.123091;44.8632;0;0.130496;0.0171998;6.89047;
1;50;17.149;0.123091;44.8632;0;0.130496;0.01752;6.89047;
1;50;17.181;0.123091;44.8632;0;0.130496;0.017269;6.89047;
1;50;17.212;0.123091;44.8632;0;0.130496;0.0171594;6.89047;
1;50;17.26;0.123091;44.8632;0;0.130496;0.0168571;6.89047;
0;50;17.292;0.123091;44.8632;0;0.130496;0.0167816;6.89047;
0;50;17.447;0.123091;44.8632;0;0.130496;0.0167629;6.89047;
0;50;17.641;0.123091;44.8632;0;0.130496;0.0164062;6.89047;
0;50;17.82;0.123091;44.8632;0;0.130496;0.0169117;6.89047;
1;50;18.005;0.123091;44.8632;0;0.130496;0.0165754;6.89047;
1;50;18.02;0.123091;44.8632;0;0.130496;0.0194186;6.89047;
1;58;18.044;0.139628;29.6863;0;0.150529;0.0187731;6.96538;
1;58;18.092;0.139628;29.6863;0;0.150529;0.018505;6.96538;
1;58;18.124;0.139628;29.6863;0;0.150529;0.0229039;6.96538;
1;58;18.156;0.139628;29.6863;0;0.150529;0.0477881;6.96538;
1;58;18.188;0.139628;29.6863;0;0.150529;0.047611;6.96538;
1;58;18.22;0.139628;29.6863;0;0.150529;0.0475911;6.96538;
1;58;18.253;0.139628;29.6863;0;0.150529;0.0476061;6.96538;
1;58;18.284;0.139628;29.6863;0;0.150529;0.0475733;6.96538;
1;58;18.316;0.139628;29.6863;0;0.150529;0.0491966;6.96538;
1;58;18.348;0.139628;29.6863;0;0.150529;0.0490856;6.96538;
1;58;18.381;0.139628;29.6863;0;0.150529;0.0486477;6.96538;
1;58;18.412;0.139628;29.6863;0;0.150529;0.0482744;6.96538;
1;58;18.444;0.139628;29.6863;0;0.150529;0.0474859;6.96538;
1;58;18.476;0.139628;29.6863;0;0.150529;0.0478609;6.96538;
1;58;18.524;0.139628;29.6863;0;0.150529;0.048126;6.96538;
1;58;18.557;0.139628;29.6863;0;0.150529;0.0481012;6.96538;
1;58;18.588;0.139628;29.6863;0;0.150529;0.048195;6.96538;
1;58;18.62;0.139628;29.6863;0;0.150529;0.0482467;6.96538;
1;58;18.652;0.139628;29.6863;0;0.150529;0.0477136;6.96538;
1;58;18.684;0.139628;29.6863;0;0.150529;0.0452729;6.96538;
1;58;18.716;0.139628;29.6863;0;0.150529;0.0437048;6.96538;
1;50;18.749;0.146627;13.6218;0;0.15188;0.0423737;5.69611;
1;50;18.78;0.146627;13.6218;0;0.15188;0.0434517;5.69611;
1;50;18.812;0.146627;13.6218;0;0.15188;0.0428118;5.69611;
1;50;18.844;0.146627;13.6218;0;0.15188;0.0429637;5.69611;
1;50;18.876;0.146627;13.6218;0;0.15188;0.0456603;5.69611;
1;50;18.924;0.146627;13.6218;0;0.15188;0.0458026;5.69611;
1;50;18.956;0.146627;13.6218;0;0.15188;0.0492483;5.69611;
1;50;18.988;0.146627;13.6218;0;0.15188;0.0505393;5.69611;
1;50;19.02;0.146627;13.6218;0;0.15188;0.0554529;5.69611;
1;50;19.052;0.146627;13.6218;0;0.15188;0.0622713;5.69611;
1;50;19.084;0.146627;13.6218;0;0.15188;0.0639258;5.69611;
1;50;19.117;0.146627;13.6218;0;0.15188;0.065217;5.69611;
0;50;19.149;0.146627;13.6218;0;0.15188;0.0656493;5.69611;
0;50;19.339;0.146627;13.6218;0;0.15188;0.0650583;5.69611;
0;50;19.541;0.146627;13.6218;0;0.15188;0.0293476;5.69611;
0;50;19.745;0.146627;13.6218;0;0.15188;0.0253641;5.69611;
0;58;19.904;0.140739;28.7424;0;0.144041;0.0247743;6.93986;
0;58;20.105;0.140739;28.7424;0;0.144041;0.0246663;6.93986;
0;58;20.272;0.140739;28.7424;0;0.144041;0.0247425;6.93986;
0;58;20.439;0.140739;28.7424;0;0.144041;0.0248779;6.93986;
0;58;20.585;0.140739;28.7424;0;0.144041;0.0251803;6.93986;
0;58;20.728;0.140739;28.7424;0;0.144041;0.0253182;6.93986;
0;58;20.888;0.140739;28.7424;0;0.144041;0.0255519;6.93986;
0;59;21.017;0.143299;15.9249;0;0.14562;0.0256831;6.9092;
0;59;21.164;0.143299;15.9249;0;0.14562;0.025817;6.9092;
0;59;21.354;0.143299;15.9249;0;0.14562;0.0259065;6.9092;
0;59;21.521;0.143299;15.9249;0;0.14562;0.0261358;6.9092;
0;59;21.697;0.143299;15.9249;0;0.14562;0.0272086;6.9092;
0;59;21.852;0.143299;15.9249;0;0.14562;0.0285407;6.9092;
0;58;21.992;0.137102;6.14165;0;0.136987;0.0294862;7.15472;
0;58;22.15;0.137102;6.14165;0;0.136987;0.0298406;7.15472;
0;58;22.321;0.137102;6.14165;0;0.136987;0.0302671;7.15472;
0;58;22.467;0.137102;6.14165;0;0.136987;0.030303;7.15472;
0;58;22.629;0.137102;6.14165;0;0.136987;0.0303133;7.15472;
0;58;22.806;0.137102;6.14165;0;0.136987;0.0304446;7.15472;
0;63;22.935;0.129942;12.8125;0;0.128951;0.0305426;8.20041;
0;63;23.096;0.129942;12.8125;0;0.128951;0.030674;8.20041;
0;63;23.25;0.129942;12.8125;0;0.128951;0.0308723;8.20041;
0;63;23.396;0.129942;12.8125;0;0.128951;0.0309656;8.20041;
0;63;23.57;0.129942;12.8125;0;0.128951;0.0309647;8.20041;
1;63;23.769;0.129942;12.8125;0;0.128951;0.0228513;8.20041;
1;63;23.782;0.129942;12.8125;0;0.128951;0.022203;8.20041;
1;63;23.804;0.129942;12.8125;0;0.128951;0.0201852;8.20041;
1;60;23.837;0.129771;21.4017;0;0.132676;0.0273267;7.7796;
1;60;23.884;0.129771;21.4017;0;0.132676;0.0266524;7.7796;
1;60;23.916;0.129771;21.4017;0;0.132676;0.0240964;7.7796;
1;60;23.948;0.129771;21.4017;0;0.132676;0.0230087;7.7796;
1;60;23.982;0.129771;21.4017;0;0.132676;0.0212632;7.7796;
1;60;24.015;0.129771;21.4017;0;0.132676;0.0193434;7.7796;
1;60;24.045;0.129771;21.4017;0;0.132676;0.0191557;7.7796;
1;60;24.076;0.129771;21.4017;0;0.132676;0.0190059;7.7796;
1;60;24.108;0.129771;21.4017;0;0.132676;0.0188711;7.7796;
1;60;24.14;0.129771;21.4017;0;0.132676;0.0188457;7.7796;
1;60;24.172;0.129771;21.4017;0;0.132676;0.0187257;7.7796;
1;60;24.204;0.129771;21.4017;0;0.132676;0.0187237;7.7796;
1;60;24.236;0.129771;21.4017;0;0.132676;0.018639;7.7796;
1;60;24.268;0.129771;21.4017;0;0.132676;0.0186115;7.7796;
1;60;24.317;0.129771;21.4017;0;0.132676;0.0185936;7.7796;
1;51;24.348;0.147629;30.0686;0;0.142952;0.0185427;5.82072;
1;51;24.38;0.147629;30.0686;0;0.142952;0.0184922;5.82072;
1;51;24.413;0.147629;30.0686;0;0.142952;0.0184358;5.82072;
1;51;24.444;0.147629;30.0686;0;0.142952;0.0182576;5.82072;
1;51;24.476;0.147629;30.0686;0;0.142952;0.0181508;5.82072;
1;51;24.509;0.147629;30.0686;0;0.142952;0.0179996;5.82072;
1;51;24.54;0.147629;30.0686;0;0.142952;0.0177865;5.82072;
1;51;24.572;0.147629;30.0686;0;0.142952;0.0176409;5.82072;
1;51;24.604;0.147629;30.0686;0;0.142952;0.0174651;5.82072;
1;51;24.636;0.147629;30.0686;0;0.142952;0.0174001;5.82072;
1;51;24.668;0.147629;30.0686;0;0.142952;0.0174482;5.82072;
1;51;24.716;0.147629;30.0686;0;0.142952;0.0218911;5.82072;
1;51;24.748;0.147629;30.0686;0;0.142952;0.0225664;5.82072;
1;51;24.78;0.147629;30.0686;0;0.142952;0.0245481;5.82072;
1;51;24.812;0.147629;30.0686;0;0.142952;0.0266615;5.82072;
1;51;24.844;0.147629;30.0686;0;0.142952;0.030857;5.82072;
1;51;24.876;0.147629;30.0686;0;0.142952;0.0346755;5.82072;
1;51;24.908;0.147629;30.0686;0;0.142952;0.03753;5.82072;
1;51;24.94;0.147629;30.0686;0;0.142952;0.0434025;5.82072;
1;51;24.972;0.147629;30.0686;0;0.142952;0.0545938;5.82072;
1;51;25.004;0.147629;30.0686;0;0.142952;0.0522948;5.82072;
1;51;25.036;0.147629;30.0686;0;0.142952;0.0524964;5.82072;
1;51;25.068;0.147629;30.0686;0;0.142952;0.052975;5.82072;
1;51;25.116;0.147629;30.0686;0;0.142952;0.0521637;5.82072;
1;51;25.148;0.147629;30.0686;0;0.142952;0.0527139;5.82072;
1;51;25.18;0.147629;30.0686;0;0.142952;0.0485265;5.82072;
1;51;25.213;0.147629;30.0686;0;0.142952;0.0489493;5.82072;
1;51;25.244;0.147629;30.0686;0;0.142952;0.048347;5.82072;
1;51;25.276;0.147629;30.0686;0;0.142952;0.0482668;5.82072;
1;51;25.308;0.147629;30.0686;0;0.142952;0.0466483;5.82072;
1;51;25.34;0.147629;30.0686;0;0.142952;0.0438876;5.82072;
1;51;25.372;0.147629;30.0686;0;0.142952;0.0432671;5.82072;
1;45;25.404;0.147108;17.8242;0;0.142471;0.0400887;5.09931;
1;45;25.436;0.147108;17.8242;0;0.142471;0.0394525;5.09931;
1;45;25.468;0.147108;17.8242;0;0.142471;0.0400378;5.09931;
1;45;25.5;0.147108;17.8242;0;0.142471;0.0405022;5.09931;
1;45;25.548;0.147108;17.8242;0;0.142471;0.0394704;5.09931;
1;45;25.581;0.147108;17.8242;0;0.142471;0.0403112;5.09931;
1;45;25.613;0.147108;17.8242;0;0.142471;0.0404138;5.09931;
1;45;25.644;0.147108;17.8242;0;0.142471;0.0402527;5.09931;
1;45;25.676;0.147108;17.8242;0;0.142471;0.0401174;5.09931;
1;45;25.708;0.147108;17.8242;0;0.142471;0.0402282;5.09931;
1;45;25.74;0.147108;17.8242;0;0.142471;0.0424505;5.09931;
1;45;25.772;0.147108;17.8242;0;0.142471;0.0474657;5.09931;
1;45;25.804;0.147108;17.8242;0;0.142471;0.0503731;5.09931;
1;45;25.836;0.147108;17.8242;0;0.142471;0.0524708;5.09931;
1;45;25.868;0.147108;17.8242;0;0.142471;0.0512969;5.09931;
1;45;25.9;0.147108;17.8242;0;0.142471;0.0508447;5.09931;
1;45;25.948;0.147108;17.8242;0;0.142471;0.0439814;5.09931;
1;45;25.981;0.147108;17.8242;0;0.142471;0.0421544;5.09931;
1;45;26.012;0.147108;17.8242;0;0.142471;0.0315465;5.09931;
1;45;26.044;0.147108;17.8242;0;0.142471;0.0311549;5.09931;
1;45;26.076;0.147108;17.8242;0;0.142471;0.0295936;5.09931;
1;45;26.108;0.147108;17.8242;0;0.142471;0.0294567;5.09931;
1;45;26.14;0.147108;17.8242;0;0.142471;0.0306183;5.09931;
1;45;26.172;0.147108;17.8242;0;0.142471;0.0298252;5.09931;
1;45;26.204;0.147108;17.8242;0;0.142471;0.0295144;5.09931;
1;45;26.236;0.147108;17.8242;0;0.142471;0.0290905;5.09931;
1;45;26.268;0.147108;17.8242;0;0.142471;0.0293746;5.09931;
1;45;26.3;0.147108;17.8242;0;0.142471;0.0306709;5.09931;
1;45;26.337;0.147108;17.8242;0;0.142471;0.0308381;5.09931;
1;45;26.38;0.147108;17.8242;0;0.142471;0.0329521;5.09931;
1;45;26.412;0.147108;17.8242;0;0.142471;0.0328155;5.09931;
1;45;26.444;0.147108;17.8242;0;0.142471;0.0322216;5.09931;
1;45;26.476;0.147108;17.8242;0;0.142471;0.0311891;5.09931;
1;45;26.508;0.147108;17.8242;0;0.142471;0.0280979;5.09931;
1;54;26.54;0.15668;9.92646;0;0.150153;0.0266268;5.7869;
1;54;26.572;0.15668;9.92646;0;0.150153;0.0221266;5.7869;
1;54;26.604;0.15668;9.92646;0;0.150153;0.0149643;5.7869;
1;54;26.636;0.15668;9.92646;0;0.150153;0.0148873;5.7869;
1;54;26.668;0.15668;9.92646;0;0.150153;0.0145653;5.7869;
1;54;26.7;0.15668;9.92646;0;0.150153;0.0145307;5.7869;
1;54;26.733;0.15668;9.92646;0;0.150153;0.0136332;5.7869;
1;54;26.78;0.15668;9.92646;0;0.150153;0.0135736;5.7869;
1;54;26.812;0.15668;9.92646;0;0.150153;0.0134353;5.7869;
1;54;26.844;0.15668;9.92646;0;0.150153;0.0129313;5.7869;
1;54;26.876;0.15668;9.92646;0;0.150153;0.0128755;5.7869;
1;54;26.908;0.15668;9.92646;0;0.150153;0.0132758;5.7869;
1;54;26.94;0.15668;9.92646;0;0.150153;0.0136504;5.7869;
1;54;26.972;0.15668;9.92646;0;0.150153;0.0153484;5.7869;
1;54;27.004;0.15668;9.92646;0;0.150153;0.0153371;5.7869;
1;54;27.044;0.15668;9.92646;0;0.150153;0.0157228;5.7869;
1;54;27.068;0.15668;9.92646;0;0.150153;0.0157158;5.7869;
1;54;27.1;0.15668;9.92646;0;0.150153;0.0157309;5.7869;
1;54;27.132;0.15668;9.92646;0;0.150153;0.0159148;5.7869;
1;54;27.181;0.15668;9.92646;0;0.150153;0.0158053;5.7869;
1;54;27.214;0.15668;9.92646;0;0.150153;0.015893;5.7869;
1;54;27.245;0.15668;9.92646;0;0.150153;0.0159209;5.7869;
1;54;27.276;0.15668;9.92646;0;0.150153;0.0159341;5.7869;
1;54;27.308;0.15668;9.92646;0;0.150153;0.0156348;5.7869;
1;54;27.34;0.15668;9.92646;0;0.150153;0.0156569;5.7869;
1;54;27.372;0.15668;9.92646;0;0.150153;0.0158921;5.7869;
1;54;27.404;0.15668;9.92646;0;0.150153;0.0159214;5.7869;
1;54;27.437;0.15668;9.92646;0;0.150153;0.0162422;5.7869;
1;54;27.468;0.15668;9.92646;0;0.150153;0.0175379;5.7869;
1;54;27.5;0.15668;9.92646;0;0.150153;0.0180798;5.7869;
1;54;27.532;0.15668;9.92646;0;0.150153;0.0208695;5.7869;
1;54;27.564;0.15668;9.92646;0;0.150153;0.037788;5.7869;
1;54;27.613;0.15668;9.92646;0;0.150153;0.0381259;5.7869;
1;54;27.644;0.15668;9.92646;0;0.150153;0.0405363;5.7869;
1;51;27.676;0.145933;2.35918;0;0.134502;0.0402638;5.86444;
1;51;27.708;0.145933;2.35918;0;0.134502;0.0489262;5.86444;
1;51;27.74;0.145933;2.35918;0;0.134502;0.0489311;5.86444;
1;51;27.772;0.145933;2.35918;0;0.134502;0.0517732;5.86444;
1;51;27.804;0.145933;2.35918;0;0.134502;0.0615578;5.86444;
1;51;27.837;0.145933;2.35918;0;0.134502;0.0627449;5.86444;
1;51;27.868;0.145933;2.35918;0;0.134502;0.0624039;5.86444;
1;51;27.9;0.145933;2.35918;0;0.134502;0.0629722;5.86444;
1;51;27.932;0.145933;2.35918;0;0.134502;0.0624776;5.86444;
1;50;27.965;0.311087;2.70976;0;0.183012;0.0643124;2.71612;
1;50;28.013;0.311087;2.70976;0;0.183012;0.06573;2.71612;
1;50;28.045;0.311087;2.70976;0;0.183012;0.0648868;2.71612;
1;50;28.076;0.311087;2.70976;0;0.183012;0.0655995;2.71612;
1;50;28.108;0.311087;2.70976;0;0.183012;0.0651041;2.71612;
1;50;28.14;0.311087;2.70976;0;0.183012;0.06899;2.71612;
1;50;28.172;0.311087;2.70976;0;0.183012;0.0677414;2.71612;
1;50;28.204;0.311087;2.70976;0;0.183012;0.0672669;2.71612;
1;50;28.237;0.311087;2.70976;0;0.183012;0.0661315;2.71612;
1;50;28.268;0.311087;2.70976;0;0.183012;0.0735264;2.71612;
1;50;28.3;0.311087;2.70976;0;0.183012;0.0748758;2.71612;
1;50;28.332;0.352547;5.06516;0;0.177064;0.0751497;2.3967;
1;50;28.365;0.352547;5.06516;0;0.177064;0.0784245;2.3967;
1;50;28.397;0.352547;5.06516;0;0.177064;0.0790392;2.3967;
1;50;28.445;0.352547;5.06516;0;0.177064;0.0728758;2.3967;
1;50;28.476;0.352547;5.06516;0;0.177064;0.0743898;2.3967;
1;50;28.508;0.352547;5.06516;0;0.177064;0.0763114;2.3967;
1;50;28.54;0.352547;5.06516;0;0.177064;0.078298;2.3967;
1;50;28.572;0.352547;5.06516;0;0.177064;0.0790394;2.3967;
1;50;28.604;0.352547;5.06516;0;0.177064;0.0797447;2.3967;
1;50;28.637;0.352547;5.06516;0;0.177064;0.0816544;2.3967;
1;50;28.668;0.352547;5.06516;0;0.177064;0.0830376;2.3967;
1;50;28.7;0.352547;5.06516;0;0.177064;0.0854588;2.3967;
1;50;28.732;0.352547;5.06516;0;0.177064;0.0866353;2.3967;
1;50;28.764;0.352547;5.06516;0;0.177064;0.0889191;2.3967;
1;50;28.796;0.352547;5.06516;0;0.177064;0.0909391;2.3967;
1;50;28.844;0.352547;5.06516;0;0.177064;0.0987719;2.3967;
1;50;28.876;0.352547;5.06516;0;0.177064;0.101068;2.3967;
1;50;28.908;0.352547;5.06516;0;0.177064;0.104998;2.3967;
1;50;28.94;0.352547;5.06516;0;0.177064;0.106964;2.3967;
1;50;28.972;0.352547;5.06516;0;0.177064;0.108333;2.3967;
1;50;29.004;0.352547;5.06516;0;0.177064;0.115275;2.3967;
1;50;29.036;0.352547;5.06516;0;0.177064;0.11798;2.3967;
1;50;29.068;0.352547;5.06516;0;0.177064;0.12329;2.3967;
1;50;29.1;0.352547;5.06516;0;0.177064;0.127228;2.3967;
1;50;29.132;0.352547;5.06516;0;0.177064;0.135762;2.3967;
1;50;29.164;0.352547;5.06516;0;0.177064;0.145483;2.3967;
1;49;29.197;0.499372;3.43514;0;0.191907;0.152281;1.65363;
1;49;29.229;0.499372;3.43514;0;0.191907;0.157671;1.65363;
1;49;29.277;0.499372;3.43514;0;0.191907;0.158332;1.65363;
1;49;29.308;0.499372;3.43514;0;0.191907;0.158818;1.65363;
1;49;29.344;0.499372;3.43514;0;0.191907;0.157092;1.65363;
1;49;29.372;0.499372;3.43514;0;0.191907;0.158114;1.65363;
1;49;29.404;0.499372;3.43514;0;0.191907;0.193529;1.65363;
1;49;29.436;0.499372;3.43514;0;0.191907;0.192242;1.65363;
1;49;29.468;0.499372;3.43514;0;0.191907;0.191478;1.65363;
1;49;29.5;0.499372;3.43514;0;0.191907;0.183884;1.65363;
1;49;29.532;0.499372;3.43514;0;0.191907;0.174285;1.65363;
1;49;29.564;0.499372;3.43514;0;0.191907;0.16498;1.65363;
1;49;29.596;0.499372;3.43514;0;0.191907;0.157627;1.65363;
1;49;29.628;0.499372;3.43514;0;0.191907;0.149699;1.65363;
1;49;29.679;0.499372;3.43514;0;0.191907;0.146377;1.65363;
1;49;29.708;0.499372;3.43514;0;0.191907;0.147451;1.65363;
1;49;29.742;0.499372;3.43514;0;0.191907;0.147617;1.65363;
1;49;29.772;0.499372;3.43514;0;0.191907;0.148798;1.65363;
1;49;29.804;0.499372;3.43514;0;0.191907;0.148855;1.65363;
1;49;29.837;0.499372;3.43514;0;0.191907;0.149355;1.65363;
1;49;29.868;0.499372;3.43514;0;0.191907;0.148796;1.65363;
1;49;29.9;0.499372;3.43514;0;0.191907;0.149059;1.65363;
1;49;29.932;0.499372;3.43514;0;0.191907;0.149105;1.65363;
1;48;29.964;0.535064;6.25077;0;0.201402;0.147524;1.5083;
1;48;29.996;0.535064;6.25077;0;0.201402;0.147838;1.5083;
1;48;30.029;0.535064;6.25077;0;0.201402;0.147981;1.5083;
1;48;30.078;0.535064;6.25077;0;0.201402;0.148671;1.5083;
1;48;30.109;0.535064;6.25077;0;0.201402;0.148336;1.5083;
1;48;30.14;0.535064;6.25077;0;0.201402;0.148789;1.5083;
1;48;30.172;0.535064;6.25077;0;0.201402;0.149655;1.5083;
1;48;30.204;0.535064;6.25077;0;0.201402;0.149394;1.5083;
1;48;30.236;0.535064;6.25077;0;0.201402;0.149613;1.5083;
1;48;30.269;0.535064;6.25077;0;0.201402;0.150068;1.5083;
1;48;30.3;0.535064;6.25077;0;0.201402;0.151505;1.5083;
1;48;30.332;0.535064;6.25077;0;0.201402;0.152075;1.5083;
1;48;30.364;0.535064;6.25077;0;0.201402;0.152742;1.5083;
1;48;30.396;0.535064;6.25077;0;0.201402;0.154005;1.5083;
1;48;30.429;0.535064;6.25077;0;0.201402;0.155927;1.5083;
1;48;30.461;0.535064;6.25077;0;0.201402;0.280834;1.5083;
1;48;30.508;0.535064;6.25077;0;0.201402;0.251329;1.5083;
1;48;30.54;0.535064;6.25077;0;0.201402;0.335931;1.5083;
1;48;30.572;0.535064;6.25077;0;0.201402;0.330541;1.5083;
1;48;30.604;0.535064;6.25077;0;0.201402;0.330541;1.5083;
1;48;30.636;0.535064;6.25077;0;0.201402;0.327452;1.5083;
1;48;30.668;0.535064;6.25077;0;0.201402;0.424586;1.5083;
1;48;30.7;0.535064;6.25077;0;0.201402;0.386738;1.5083;
1;48;30.732;0.535064;6.25077;0;0.201402;0.364253;1.5083;
1;48;30.764;0.535064;6.25077;0;0.201402;0.364253;1.5083;
1;48;30.796;0.535064;6.25077;0;0.201402;0.361709;1.5083;
1;48;30.828;0.535064;6.25077;0;0.201402;0.424754;1.5083;
1;48;30.86;0.535064;6.25077;0;0.201402;0.361226;1.5083;
1;48;30.908;0.535064;6.25077;0;0.201402;0.341875;1.5083;
1;48;30.942;0.535064;6.25077;0;0.201402;0.341875;1.5083;
1;48;30.972;0.535064;6.25077;0;0.201402;0.321012;1.5083;
1;48;31.004;0.535064;6.25077;0;0.201402;0.311453;1.5083;
1;48;31.036;0.547365;8.71936;0;0.207099;0.300347;1.4744;
1;48;31.068;0.547365;8.71936;0;0.207099;0.274912;1.4744;
1;48;31.1;0.547365;8.71936;0;0.207099;0.145232;1.4744;
1;48;31.132;0.547365;8.71936;0;0.207099;0.144071;1.4744;
1;48;31.165;0.547365;8.71936;0;0.207099;0.144316;1.4744;
1;48;31.196;0.547365;8.71936;0;0.207099;0.145123;1.4744;
1;48;31.229;0.547365;8.71936;0;0.207099;0.144808;1.4744;
1;48;31.261;0.547365;8.71936;0;0.207099;0.144189;1.4744;
1;48;31.292;0.547365;8.71936;0;0.207099;0.142851;1.4744;
1;48;31.34;0.547365;8.71936;0;0.207099;0.141479;1.4744;
1;48;31.372;0.547365;8.71936;0;0.207099;0.140331;1.4744;
1;48;31.404;0.547365;8.71936;0;0.207099;0.137077;1.4744;
1;48;31.436;0.547365;8.71936;0;0.207099;0.129569;1.4744;
1;48;31.468;0.547365;8.71936;0;0.207099;0.125317;1.4744;
1;48;31.5;0.547365;8.71936;0;0.207099;0.119422;1.4744;
0;48;31.532;0.547365;8.71936;0;0.207099;0.0468313;1.4744;
0;48;31.69;0.547365;8.71936;0;0.207099;0.0391707;1.4744;
0;48;31.878;0.547365;8.71936;0;0.207099;0.0052512;1.4744;
0;48;32.016;0.547365;8.71936;0;0.207099;0.00523911;1.4744;
0;48;32.169;0.547365;8.71936;0;0.207099;0.00518626;1.4744;
0;48;32.352;0.5667;23.3022;0;0.22513;0.00500444;1.41681;
0;48;32.544;0.5667;23.3022;0;0.22513;0.0022918;1.41681;
0;48;32.677;0.5667;23.3022;0;0.22513;0.00222533;1.41681;
0;48;32.816;0.5667;23.3022;0;0.22513;0.00221101;1.41681;
0;48;32.987;0.5667;23.3022;0;0.22513;0.00221006;1.41681;
0;48;33.192;0.5667;23.3022;0;0.22513;0.00220897;1.41681;
0;47;33.346;0.565102;32.8551;0;0.224186;0.00220592;1.40482;
1;47;33.524;0.565102;32.8551;0;0.224186;0.000244845;1.40482;
0;47;33.621;0.565102;32.8551;0;0.224186;0.000244848;1.40482;
0;47;33.824;0.565102;32.8551;0;0.224186;0.000244858;1.40482;
0;47;33.977;0.565102;32.8551;0;0.224186;0.00024418;1.40482;
1;47;34.138;0.565102;32.8551;0;0.224186;0.000227562;1.40482;
0;55;34.181;0.571892;84.7119;0;0.231366;0.000227477;1.60827;
0;55;34.364;0.571892;84.7119;0;0.231366;0.00022748;1.60827;
0;55;34.537;0.571892;84.7119;0;0.231366;0.000227446;1.60827;
1;55;34.72;0.571892;84.7119;0;0.231366;0.000227402;1.60827;
1;55;34.776;0.571892;84.7119;0;0.231366;0.000227398;1.60827;
0;55;34.817;0.571892;84.7119;0;0.231366;0.00022739;1.60827;
0;55;34.957;0.571892;84.7119;0;0.231366;0.000227389;1.60827;
0;56;35.132;0.547925;94.7959;0;0.214029;0.000227346;1.72637;
0;56;35.312;0.547925;94.7959;0;0.214029;0.000227314;1.72637;
0;56;35.521;0.547925;94.7959;0;0.214029;0.000224573;1.72637;
0;56;35.708;0.547925;94.7959;0;0.214029;0.00012445;1.72637;
0;56;35.877;0.547925;94.7959;0;0.214029;9.94839e-005;1.72637;
0;56;36.014;0.547925;94.7959;0;0.214029;9.96055e-005;1.72637;
0;56;36.176;0.547925;94.7959;0;0.214029;9.96434e-005;1.72637;
0;48;36.368;0.558161;47.5367;0;0.224581;0.000101066;1.44993;
0;48;36.568;0.558161;47.5367;0;0.224581;9.88641e-005;1.44993;
1;48;36.713;0.558161;47.5367;0;0.224581;6.04435e-005;1.44993;
0;48;36.732;0.558161;47.5367;0;0.224581;6.04686e-005;1.44993;
0;48;36.899;0.558161;47.5367;0;0.224581;6.13461e-005;1.44993;
0;48;37.07;0.558161;47.5367;0;0.224581;6.1389e-005;1.44993;
0;48;37.253;0.558161;47.5367;0;0.224581;6.1398e-005;1.44993;
0;48;37.437;0.558161;47.5367;0;0.224581;6.13999e-005;1.44993;
0;48;37.639;0.558161;47.5367;0;0.224581;6.13968e-005;1.44993;
0;46;37.828;0.536782;27.0669;0;0.215081;6.13605e-005;1.44567;
1;46;37.995;0.536782;27.0669;0;0.215081;7.64459e-005;1.44567;
0;46;38.047;0.536782;27.0669;0;0.215081;7.63679e-005;1.44567;
0;46;38.233;0.536782;27.0669;0;0.215081;7.63076e-005;1.44567;
1;46;38.407;0.536782;27.0669;0;0.215081;5.4745e-005;1.44567;
1;46;38.428;0.536782;27.0669;0;0.215081;5.56546e-005;1.44567;
1;46;38.46;0.536782;27.0669;0;0.215081;5.56578e-005;1.44567;
1;46;38.493;0.536782;27.0669;0;0.215081;5.56571e-005;1.44567;
1;46;38.525;0.536782;27.0669;0;0.215081;5.56585e-005;1.44567;
1;46;38.556;0.536782;27.0669;0;0.215081;5.56598e-005;1.44567;
1;46;38.588;0.536782;27.0669;0;0.215081;5.56575e-005;1.44567;
1;46;38.62;0.536782;27.0669;0;0.215081;5.56558e-005;1.44567;
1;46;38.652;0.536782;27.0669;0;0.215081;5.5655e-005;1.44567;
1;46;38.685;0.536782;27.0669;0;0.215081;5.56566e-005;1.44567;
1;46;38.716;0.536782;27.0669;0;0.215081;5.56571e-005;1.44567;
1;46;38.764;0.536782;27.0669;0;0.215081;5.58242e-005;1.44567;
1;46;38.796;0.536782;27.0669;0;0.215081;6.97791e-005;1.44567;
1;46;38.828;0.536782;27.0669;0;0.215081;8.12073e-005;1.44567;
0;46;38.86;0.536782;27.0669;0;0.215081;8.1202e-005;1.44567;
0;46;39.011;0.536782;27.0669;0;0.215081;8.11956e-005;1.44567;
0;46;39.178;0.536782;27.0669;0;0.215081;8.11505e-005;1.44567;
0;43;39.322;0.377567;52.7479;0;0.177167;8.26244e-005;1.91877;
0;43;39.515;0.377567;52.7479;0;0.177167;0.000176145;1.91877;
0;43;39.729;0.377567;52.7479;0;0.177167;0.000175412;1.91877;
0;43;39.879;0.377567;52.7479;0;0.177167;0.000175002;1.91877;
0;43;40.089;0.377567;52.7479;0;0.177167;0.000175003;1.91877;
0;43;40.28;0.377567;52.7479;0;0.177167;0.000175008;1.91877;
1;43;40.502;0.377567;52.7479;0;0.177167;0.000174987;1.91877;
0;43;40.524;0.158061;45.6024;0;0.145329;0.000174881;4.56819;
0;43;40.712;0.158061;45.6024;0;0.145329;0.000175186;4.56819;
0;43;40.886;0.158061;45.6024;0;0.145329;0.00018889;4.56819;
0;43;41.037;0.158061;45.6024;0;0.145329;0.000189363;4.56819;
0;43;41.217;0.158061;45.6024;0;0.145329;0.000189719;4.56819;
0;43;41.4;0.158061;45.6024;0;0.145329;0.0101985;4.56819;
0;43;41.602;0.158061;45.6024;0;0.145329;0.0102264;4.56819;
1;43;41.797;0.158061;45.6024;0;0.145329;0.0101417;4.56819;
1;43;41.82;0.158061;45.6024;0;0.145329;0.00998995;4.56819;
1;43;41.852;0.115505;24.6715;0;0.12976;0.00999487;6.25654;
1;43;41.884;0.115505;24.6715;0;0.12976;0.0100252;6.25654;
1;43;41.916;0.115505;24.6715;0;0.12976;0.0101064;6.25654;
1;43;41.948;0.115505;24.6715;0;0.12976;0.0101823;6.25654;
1;43;41.98;0.115505;24.6715;0;0.12976;0.0102034;6.25654;
1;43;42.012;0.115505;24.6715;0;0.12976;0.0102259;6.25654;
1;43;42.044;0.115505;24.6715;0;0.12976;0.0102831;6.25654;
1;43;42.092;0.115505;24.6715;0;0.12976;0.0103016;6.25654;
1;43;42.125;0.115505;24.6715;0;0.12976;0.0102766;6.25654;
1;43;42.157;0.115505;24.6715;0;0.12976;0.01028;6.25654;
1;43;42.188;0.115505;24.6715;0;0.12976;0.0104429;6.25654;
1;43;42.22;0.115505;24.6715;0;0.12976;0.0107382;6.25654;
1;43;42.253;0.115505;24.6715;0;0.12976;0.0159196;6.25654;
1;43;42.284;0.115505;24.6715;0;0.12976;0.0161718;6.25654;
1;43;42.316;0.115505;24.6715;0;0.12976;0.0177745;6.25654;
1;43;42.348;0.115505;24.6715;0;0.12976;0.0308181;6.25654;
1;43;42.38;0.115505;24.6715;0;0.12976;0.0519686;6.25654;
1;43;42.412;0.115505;24.6715;0;0.12976;0.0565078;6.25654;
1;43;42.444;0.115505;24.6715;0;0.12976;0.0567806;6.25654;
1;43;42.493;0.115505;24.6715;0;0.12976;0.0584905;6.25654;
1;43;42.524;0.115505;24.6715;0;0.12976;0.0775812;6.25654;
1;43;42.556;0.115505;24.6715;0;0.12976;0.0787977;6.25654;
1;43;42.588;0.115505;24.6715;0;0.12976;0.0820984;6.25654;
1;43;42.62;0.115505;24.6715;0;0.12976;0.0812576;6.25654;
1;43;42.653;0.115505;24.6715;0;0.12976;0.080368;6.25654;
1;43;42.684;0.115505;24.6715;0;0.12976;0.0802028;6.25654;
1;43;42.716;0.115505;24.6715;0;0.12976;0.0759803;6.25654;
1;43;42.748;0.115505;24.6715;0;0.12976;0.0738249;6.25654;
1;43;42.78;0.115505;24.6715;0;0.12976;0.0826006;6.25654;
1;43;42.812;0.115505;24.6715;0;0.12976;0.0820331;6.25654;
1;43;42.844;0.115505;24.6715;0;0.12976;0.0798808;6.25654;
1;43;42.876;0.115505;24.6715;0;0.12976;0.0787782;6.25654;
1;43;42.924;0.115505;24.6715;0;0.12976;0.078149;6.25654;
1;43;42.96;0.115505;24.6715;0;0.12976;0.0778397;6.25654;
1;43;42.988;0.115505;24.6715;0;0.12976;0.0773502;6.25654;
1;43;43.02;0.115505;24.6715;0;0.12976;0.0764864;6.25654;
1;43;43.052;0.115505;24.6715;0;0.12976;0.0701226;6.25654;
1;43;43.084;0.115505;24.6715;0;0.12976;0.0692877;6.25654;
1;43;43.116;0.115505;24.6715;0;0.12976;0.0670124;6.25654;
1;44;43.148;0.0868935;25.3784;0;0.107303;0.065123;8.57685;
1;44;43.18;0.0868935;25.3784;0;0.107303;0.0632629;8.57685;
1;44;43.212;0.0868935;25.3784;0;0.107303;0.062632;8.57685;
1;44;43.244;0.0868935;25.3784;0;0.107303;0.0601429;8.57685;
1;44;43.276;0.0868935;25.3784;0;0.107303;0.0574049;8.57685;
1;44;43.325;0.0868935;25.3784;0;0.107303;0.0572544;8.57685;
1;44;43.361;0.0868935;25.3784;0;0.107303;0.0573631;8.57685;
1;44;43.389;0.0868935;25.3784;0;0.107303;0.0575064;8.57685;
1;44;43.42;0.0868935;25.3784;0;0.107303;0.0585921;8.57685;
1;44;43.453;0.0868935;25.3784;0;0.107303;0.0589873;8.57685;
1;44;43.484;0.0868935;25.3784;0;0.107303;0.0599092;8.57685;
1;44;43.516;0.0868935;25.3784;0;0.107303;0.0601938;8.57685;
1;44;43.548;0.0868935;25.3784;0;0.107303;0.0610636;8.57685;
1;44;43.58;0.0868935;25.3784;0;0.107303;0.0618534;8.57685;
1;44;43.612;0.0868935;25.3784;0;0.107303;0.0632324;8.57685;
1;44;43.644;0.0868935;25.3784;0;0.107303;0.0610086;8.57685;
1;44;43.676;0.0868935;25.3784;0;0.107303;0.0610853;8.57685;
1;44;43.724;0.0868935;25.3784;0;0.107303;0.0646262;8.57685;
1;44;43.758;0.0868935;25.3784;0;0.107303;0.0648998;8.57685;
1;44;43.789;0.0868935;25.3784;0;0.107303;0.0642119;8.57685;
1;44;43.82;0.0868935;25.3784;0;0.107303;0.0613771;8.57685;
1;44;43.861;0.0868935;25.3784;0;0.107303;0.0603589;8.57685;
1;44;43.884;0.0868935;25.3784;0;0.107303;0.0568363;8.57685;
1;44;43.916;0.0868935;25.3784;0;0.107303;0.0565977;8.57685;
1;44;43.948;0.0868935;25.3784;0;0.107303;0.0564345;8.57685;
1;44;43.98;0.0868935;25.3784;0;0.107303;0.0552949;8.57685;
1;44;44.012;0.0868935;25.3784;0;0.107303;0.0579708;8.57685;
1;44;44.044;0.0868935;25.3784;0;0.107303;0.0587769;8.57685;
1;44;44.076;0.0868935;25.3784;0;0.107303;0.0587262;8.57685;
1;44;44.109;0.0868935;25.3784;0;0.107303;0.0548514;8.57685;
1;44;44.165;0.0868935;25.3784;0;0.107303;0.0552137;8.57685;
1;44;44.189;0.0868935;25.3784;0;0.107303;0.0554864;8.57685;
1;44;44.22;0.0868935;25.3784;0;0.107303;0.0572972;8.57685;
1;44;44.253;0.0868935;25.3784;0;0.107303;0.0595987;8.57685;
1;44;44.284;0.0868935;25.3784;0;0.107303;0.0585907;8.57685;
1;44;44.316;0.0868935;25.3784;0;0.107303;0.0584988;8.57685;
1;44;44.348;0.0868935;25.3784;0;0.107303;0.0570291;8.57685;
1;45;44.38;0.0756655;5.42358;0;0.10091;0.0556727;10.1314;
1;45;44.412;0.0756655;5.42358;0;0.10091;0.0533439;10.1314;
1;45;44.446;0.0756655;5.42358;0;0.10091;0.0528184;10.1314;
1;45;44.476;0.0756655;5.42358;0;0.10091;0.0524466;10.1314;
1;45;44.511;0.0756655;5.42358;0;0.10091;0.049847;10.1314;
1;45;44.562;0.0756655;5.42358;0;0.10091;0.0486725;10.1314;
1;45;44.588;0.0756655;5.42358;0;0.10091;0.0486601;10.1314;
1;45;44.62;0.0756655;5.42358;0;0.10091;0.0492359;10.1314;
1;45;44.653;0.0756655;5.42358;0;0.10091;0.0514145;10.1314;
1;45;44.684;0.0756655;5.42358;0;0.10091;0.0531649;10.1314;
1;45;44.716;0.0756655;5.42358;0;0.10091;0.0531687;10.1314;
1;45;44.749;0.0756655;5.42358;0;0.10091;0.0512184;10.1314;
1;45;44.78;0.0756655;5.42358;0;0.10091;0.0544333;10.1314;
1;45;44.812;0.0756655;5.42358;0;0.10091;0.054211;10.1314;
1;45;44.844;0.0756655;5.42358;0;0.10091;0.0576883;10.1314;
1;45;44.876;0.0756655;5.42358;0;0.10091;0.0560473;10.1314;
1;45;44.908;0.0756655;5.42358;0;0.10091;0.0567021;10.1314;
1;45;44.94;0.0756655;5.42358;0;0.10091;0.057919;10.1314;
1;45;44.988;0.0756655;5.42358;0;0.10091;0.0590037;10.1314;
0;45;45.02;0.0756655;5.42358;0;0.10091;0.0526355;10.1314;
0;45;45.209;0.0756655;5.42358;0;0.10091;0.0440564;10.1314;
1;45;45.412;0.0756655;5.42358;0;0.10091;0.000694945;10.1314;
0;55;45.499;0.0892611;34.7555;0;0.123742;0.000687912;10.2908;
0;55;45.691;0.0892611;34.7555;0;0.123742;0.000688017;10.2908;
0;55;45.861;0.0892611;34.7555;0;0.123742;0.000687888;10.2908;
0;55;46.058;0.0892611;34.7555;0;0.123742;0.000683502;10.2908;
0;55;46.244;0.0892611;34.7555;0;0.123742;0.000574928;10.2908;
0;55;46.437;0.0892611;34.7555;0;0.123742;0.000574351;10.2908;
1;55;46.579;0.0892611;34.7555;0;0.123742;0.000465207;10.2908;
1;55;46.62;0.0892611;34.7555;0;0.123742;0.000465058;10.2908;
1;55;46.652;0.0892611;34.7555;0;0.123742;0.000464102;10.2908;
1;55;46.684;0.0892611;34.7555;0;0.123742;0.000463662;10.2908;
1;45;46.716;0.314489;89.4834;0;0.196715;0.000463287;2.43064;
1;45;46.748;0.314489;89.4834;0;0.196715;0.000463282;2.43064;
1;45;46.78;0.314489;89.4834;0;0.196715;0.000463115;2.43064;
1;45;46.812;0.314489;89.4834;0;0.196715;0.000462518;2.43064;
1;45;46.844;0.314489;89.4834;0;0.196715;0.000462628;2.43064;
1;45;46.876;0.314489;89.4834;0;0.196715;0.000462624;2.43064;
1;45;46.908;0.339804;89.4905;0;0.190168;0.000462632;2.24956;
1;45;46.941;0.339804;89.4905;0;0.190168;0.000462578;2.24956;
1;45;46.973;0.339804;89.4905;0;0.190168;0.000462781;2.24956;
1;45;47.004;0.339804;89.4905;0;0.190168;0.000462744;2.24956;
1;45;47.052;0.339804;89.4905;0;0.190168;0.000462843;2.24956;
1;45;47.084;0.339804;89.4905;0;0.190168;0.000462836;2.24956;
1;45;47.116;0.339804;89.4905;0;0.190168;0.000462966;2.24956;
0;45;47.148;0.339804;89.4905;0;0.190168;0.000460665;2.24956;
0;45;47.324;0.339804;89.4905;0;0.190168;0.000458687;2.24956;
0;45;47.535;0.339804;89.4905;0;0.190168;0.000451197;2.24956;
1;45;47.713;0.339804;89.4905;0;0.190168;0.000129589;2.24956;
0;45;47.747;0.339804;89.4905;0;0.190168;0.000128768;2.24956;
0;45;47.952;0.339804;89.4905;0;0.190168;0.00015749;2.24956;
0;45;48.15;0.339804;89.4905;0;0.190168;0.000157851;2.24956;
0;46;48.344;0.554906;76.3106;0;0.267687;0.000157842;1.39667;
0;46;48.547;0.554906;76.3106;0;0.267687;0.000157586;1.39667;
0;46;48.752;0.554906;76.3106;0;0.267687;0.000157501;1.39667;
1;46;48.934;0.554906;76.3106;0;0.267687;0.00016459;1.39667;
0;46;48.967;0.554906;76.3106;0;0.267687;0.000161691;1.39667;
0;46;49.133;0.554906;76.3106;0;0.267687;0.000173092;1.39667;
0;48;49.329;0.589276;97.3856;0;0.286007;0.000171063;1.38073;
0;48;49.516;0.589276;97.3856;0;0.286007;0.000140377;1.38073;
0;48;49.664;0.589276;97.3856;0;0.286007;0.000107766;1.38073;
0;48;49.84;0.589276;97.3856;0;0.286007;0.000103577;1.38073;
0;48;50.002;0.589276;97.3856;0;0.286007;0.000103587;1.38073;
0;54;50.212;0.542596;51.2052;0;0.26816;0.000102746;1.66254;
0;54;50.38;0.542596;51.2052;0;0.26816;6.15831e-005;1.66254;
0;54;50.585;0.542596;51.2052;0;0.26816;6.14128e-005;1.66254;
0;54;50.774;0.542596;51.2052;0;0.26816;6.1354e-005;1.66254;
0;54;50.957;0.542596;51.2052;0;0.26816;6.13506e-005;1.66254;
0;54;51.135;0.542596;51.2052;0;0.26816;6.13329e-005;1.66254;
0;54;51.335;0.542596;51.2052;0;0.26816;6.12363e-005;1.66254;
0;54;51.475;0.542596;51.2052;0;0.26816;6.11231e-005;1.66254;
0;50;51.649;0.555144;47.5396;0;0.283801;6.10917e-005;1.51159;
0;50;51.822;0.555144;47.5396;0;0.283801;6.10262e-005;1.51159;
0;50;52.008;0.555144;47.5396;0;0.283801;6.04491e-005;1.51159;
0;50;52.168;0.555144;47.5396;0;0.283801;6.01849e-005;1.51159;
0;50;52.315;0.555144;47.5396;0;0.283801;5.99158e-005;1.51159;
0;50;52.482;0.555144;47.5396;0;0.283801;5.90069e-005;1.51159;
0;50;52.664;0.555144;47.5396;0;0.283801;8.59007e-005;1.51159;
0;50;52.844;0.555144;47.5396;0;0.283801;8.622e-005;1.51159;
0;42;53.02;0.569356;23.4784;0;0.307131;8.61667e-005;1.24522;
0;42;53.186;0.569356;23.4784;0;0.307131;8.59843e-005;1.24522;
0;42;53.375;0.569356;23.4784;0;0.307131;8.57237e-005;1.24522;
0;42;53.542;0.569356;23.4784;0;0.307131;8.52308e-005;1.24522;
0;42;53.719;0.569356;23.4784;0;0.307131;8.53183e-005;1.24522;
0;42;53.865;0.569356;23.4784;0;0.307131;8.53145e-005;1.24522;
0;42;54.059;0.569356;23.4784;0;0.307131;8.61123e-005;1.24522;
0;42;54.225;0.569356;23.4784;0;0.307131;8.60545e-005;1.24522;
0;49;54.392;0.579346;79.2176;0;0.323956;8.65325e-005;1.41069;
0;49;54.591;0.579346;79.2176;0;0.323956;9.70561e-005;1.41069;
0;49;54.794;0.579346;79.2176;0;0.323956;0.00012234;1.41069;
0;49;54.963;0.579346;79.2176;0;0.323956;0.000128243;1.41069;
0;49;55.146;0.579346;79.2176;0;0.323956;0.000128003;1.41069;
0;49;55.346;0.579346;79.2176;0;0.323956;0.000129325;1.41069;
0;49;55.579;0.578664;21.6538;0;0.32258;0.000817008;1.42016;
1;49;55.771;0.578664;21.6538;0;0.32258;0.000169355;1.42016;
1;49;55.781;0.578664;21.6538;0;0.32258;0.000169801;1.42016;
1;49;55.805;0.578664;21.6538;0;0.32258;0.000169832;1.42016;
1;49;55.837;0.578664;21.6538;0;0.32258;0.000169977;1.42016;
1;49;55.869;0.578664;21.6538;0;0.32258;0.000170719;1.42016;
1;49;55.9;0.578664;21.6538;0;0.32258;0.000171603;1.42016;
1;49;55.932;0.578664;21.6538;0;0.32258;0.000171846;1.42016;
1;49;55.964;0.578664;21.6538;0;0.32258;0.00017236;1.42016;
1;49;55.996;0.578664;21.6538;0;0.32258;0.000177115;1.42016;
0;49;56.028;0.578664;21.6538;0;0.32258;0.000179766;1.42016;
0;49;56.218;0.578664;21.6538;0;0.32258;0.000182524;1.42016;
1;49;56.397;0.578664;21.6538;0;0.32258;0.000192799;1.42016;
0;49;56.428;0.578664;21.6538;0;0.32258;0.00020041;1.42016;
1;49;56.6;0.578664;21.6538;0;0.32258;0.000200823;1.42016;
1;49;56.61;0.578664;21.6538;0;0.32258;0.00020116;1.42016;
1;49;56.636;0.578664;21.6538;0;0.32258;0.000202157;1.42016;
1;49;56.668;0.578664;21.6538;0;0.32258;0.000203616;1.42016;
1;45;56.7;0.399465;67.6961;0;0.261506;0.000206872;1.89724;
0;45;56.732;0.399465;67.6961;0;0.261506;0.000206894;1.89724;
0;45;56.877;0.399465;67.6961;0;0.261506;0.000207033;1.89724;
0;45;57.035;0.399465;67.6961;0;0.261506;0.000205129;1.89724;
1;45;57.208;0.399465;67.6961;0;0.261506;0.000202319;1.89724;
0;45;57.234;0.399465;67.6961;0;0.261506;0.000196452;1.89724;
0;45;57.432;0.399465;67.6961;0;0.261506;0.000197612;1.89724;
0;45;57.607;0.399465;67.6961;0;0.261506;0.00019856;1.89724;
0;45;57.789;0.399465;67.6961;0;0.261506;0.000198356;1.89724;
0;50;57.978;0.370205;57.3706;0;0.266194;0.000195185;2.25563;
1;50;58.126;0.370205;57.3706;0;0.266194;0.000187425;2.25563;
1;50;58.156;0.370205;57.3706;0;0.266194;0.000183059;2.25563;
1;50;58.204;0.370205;57.3706;0;0.266194;0.0012294;2.25563;
1;50;58.237;0.370205;57.3706;0;0.266194;0.00119381;2.25563;
1;50;58.271;0.370205;57.3706;0;0.266194;0.00119053;2.25563;
1;50;58.3;0.370205;57.3706;0;0.266194;0.00118846;2.25563;
1;50;58.332;0.370205;57.3706;0;0.266194;0.00118785;2.25563;
1;50;58.364;0.370205;57.3706;0;0.266194;0.00118784;2.25563;
1;50;58.396;0.370205;57.3706;0;0.266194;0.00118797;2.25563;
1;50;58.428;0.370205;57.3706;0;0.266194;0.0011882;2.25563;
1;50;58.46;0.370205;57.3706;0;0.266194;0.00118882;2.25563;
1;50;58.492;0.370205;57.3706;0;0.266194;0.00118901;2.25563;
1;50;58.524;0.370205;57.3706;0;0.266194;0.00118868;2.25563;
1;50;58.556;0.370205;57.3706;0;0.266194;0.0011906;2.25563;
1;50;58.588;0.370205;57.3706;0;0.266194;0.00119062;2.25563;
1;50;58.636;0.370205;57.3706;0;0.266194;0.00119069;2.25563;
1;50;58.668;0.370205;57.3706;0;0.266194;0.00119091;2.25563;
1;50;58.7;0.370205;57.3706;0;0.266194;0.00119178;2.25563;
1;50;58.732;0.370205;57.3706;0;0.266194;0.00119205;2.25563;
1;52;58.764;0.146296;40.5412;0;0.176306;0.00119312;5.93009;
1;52;58.796;0.146296;40.5412;0;0.176306;0.00119294;5.93009;
1;52;58.828;0.146296;40.5412;0;0.176306;0.00119306;5.93009;
1;52;58.86;0.146296;40.5412;0;0.176306;0.00126321;5.93009;
1;52;58.892;0.146296;40.5412;0;0.176306;0.00139667;5.93009;
1;52;58.924;0.146296;40.5412;0;0.176306;0.00177376;5.93009;
1;52;58.956;0.146296;40.5412;0;0.176306;0.00177188;5.93009;
0;52;58.988;0.146296;40.5412;0;0.176306;0.00166932;5.93009;
0;52;59.185;0.146296;40.5412;0;0.176306;0.00167366;5.93009;
0;52;59.387;0.146296;40.5412;0;0.176306;0.0015668;5.93009;
0;52;59.577;0.146296;40.5412;0;0.176306;0.00231932;5.93009;
0;52;59.777;0.146296;40.5412;0;0.176306;0.00319548;5.93009;
1;52;59.939;0.146296;40.5412;0;0.176306;0.00333528;5.93009;
1;60;59.964;0.10923;89.1916;0;0.147677;0.00361618;9.15528;
1;60;60.005;0.10923;89.1916;0;0.147677;0.00353885;9.15528;
1;60;60.028;0.10923;89.1916;0;0.147677;0.00353127;9.15528;
1;60;60.06;0.10923;89.1916;0;0.147677;0.00353192;9.15528;
1;60;60.101;0.10923;89.1916;0;0.147677;0.00352179;9.15528;
1;60;60.124;0.10923;89.1916;0;0.147677;0.00351222;9.15528;
1;60;60.156;0.10923;89.1916;0;0.147677;0.00350734;9.15528;
0;60;60.188;0.10923;89.1916;0;0.147677;0.00338173;9.15528;
0;60;60.397;0.10923;89.1916;0;0.147677;0.00329165;9.15528;
0;60;60.589;0.10923;89.1916;0;0.147677;0.00241475;9.15528;
0;60;60.734;0.10923;89.1916;0;0.147677;0.00239133;9.15528;
0;64;60.883;0.1033;137.235;0;0.142025;0.00239;10.3759;
0;64;61.021;0.1033;137.235;0;0.142025;0.00238974;10.3759;
0;64;61.205;0.1033;137.235;0;0.142025;0.00235592;10.3759;
0;64;61.347;0.1033;137.235;0;0.142025;0.00233301;10.3759;
0;64;61.523;0.1033;137.235;0;0.142025;0.00232808;10.3759;
1;64;61.689;0.1033;137.235;0;0.142025;0.00200199;10.3759;
0;64;61.748;0.1033;137.235;0;0.142025;0.00200141;10.3759;
0;64;61.944;0.1033;137.235;0;0.142025;0.00200056;10.3759;
0;56;62.096;0.0940379;29.7492;0;0.129291;0.00200207;10.0985;
0;56;62.269;0.0940379;29.7492;0;0.129291;0.00198604;10.0985;
0;56;62.452;0.0940379;29.7492;0;0.129291;0.00194532;10.0985;
0;56;62.593;0.0940379;29.7492;0;0.129291;0.00193866;10.0985;
0;56;62.735;0.0940379;29.7492;0;0.129291;0.00208746;10.0985;
0;59;62.893;0.0877674;69.63;0;0.119406;0.0021074;11.2825;
1;59;63.036;0.0877674;69.63;0;0.119406;0.00277476;11.2825;
1;59;63.052;0.0877674;69.63;0;0.119406;0.002779;11.2825;
1;59;63.085;0.0877674;69.63;0;0.119406;0.00282932;11.2825;
1;59;63.116;0.0877674;69.63;0;0.119406;0.00343042;11.2825;
1;59;63.164;0.0877674;69.63;0;0.119406;0.00342388;11.2825;
1;59;63.196;0.0877674;69.63;0;0.119406;0.00350959;11.2825;
1;59;63.228;0.0877674;69.63;0;0.119406;0.00353073;11.2825;
1;59;63.26;0.0877674;69.63;0;0.119406;0.00352547;11.2825;
1;59;63.292;0.0877674;69.63;0;0.119406;0.00350834;11.2825;
1;59;63.324;0.0877674;69.63;0;0.119406;0.00350823;11.2825;
1;59;63.356;0.0877674;69.63;0;0.119406;0.00350296;11.2825;
1;59;63.388;0.0877674;69.63;0;0.119406;0.00363792;11.2825;
1;59;63.42;0.0877674;69.63;0;0.119406;0.00374472;11.2825;
1;59;63.452;0.0877674;69.63;0;0.119406;0.00639383;11.2825;
1;59;63.487;0.0877674;69.63;0;0.119406;0.0065614;11.2825;
1;59;63.517;0.0877674;69.63;0;0.119406;0.00653836;11.2825;
1;75;63.549;0.10114;32.4098;0;0.118183;0.00651685;12.462;
0;75;63.596;0.10114;32.4098;0;0.118183;0.00670301;12.462;
0;75;63.758;0.10114;32.4098;0;0.118183;0.0068376;12.462;
0;75;63.939;0.10114;32.4098;0;0.118183;0.00685;12.462;
0;75;64.121;0.10114;32.4098;0;0.118183;0.0107258;12.462;
0;75;64.273;0.10114;32.4098;0;0.118183;0.0100542;12.462;
1;75;64.413;0.10114;32.4098;0;0.118183;0.0100607;12.462;
1;75;64.428;0.10114;32.4098;0;0.118183;0.0100078;12.462;
1;75;64.46;0.10114;32.4098;0;0.118183;0.0105785;12.462;
1;67;64.492;0.0927448;44.6632;0;0.100054;0.0120032;12.2178;
1;67;64.524;0.0927448;44.6632;0;0.100054;0.0123618;12.2178;
1;67;64.556;0.0927448;44.6632;0;0.100054;0.0127056;12.2178;
1;67;64.588;0.0927448;44.6632;0;0.100054;0.0125886;12.2178;
1;67;64.62;0.0927448;44.6632;0;0.100054;0.0177679;12.2178;
1;67;64.652;0.0927448;44.6632;0;0.100054;0.019428;12.2178;
1;67;64.684;0.0927448;44.6632;0;0.100054;0.020469;12.2178;
1;67;64.716;0.0927448;44.6632;0;0.100054;0.0211414;12.2178;
1;67;64.749;0.0927448;44.6632;0;0.100054;0.0219753;12.2178;
0;67;64.78;0.0927448;44.6632;0;0.100054;0.022574;12.2178;
0;67;64.915;0.0927448;44.6632;0;0.100054;0.022765;12.2178;
0;67;65.095;0.0927448;44.6632;0;0.100054;0.022772;12.2178;
0;67;65.242;0.0927448;44.6632;0;0.100054;0.0115097;12.2178;
0;67;65.419;0.0941343;14.4876;0;0.096518;0.0094326;12.0374;
0;67;65.635;0.0941343;14.4876;0;0.096518;0.00927198;12.0374;
0;67;65.796;0.0941343;14.4876;0;0.096518;0.00918974;12.0374;
0;67;65.943;0.0941343;14.4876;0;0.096518;0.00918678;12.0374;
0;67;66.106;0.0941343;14.4876;0;0.096518;0.00917064;12.0374;
0;67;66.285;0.0941343;14.4876;0;0.096518;0.00908297;12.0374;
0;62;66.431;0.10377;80.1753;0;0.103798;0.0091175;10.0784;
0;62;66.602;0.10377;80.1753;0;0.103798;0.00909845;10.0784;
1;62;66.78;0.10377;80.1753;0;0.103798;0.00331477;10.0784;
1;62;66.79;0.10377;80.1753;0;0.103798;0.00322862;10.0784;
1;62;66.812;0.10377;80.1753;0;0.103798;0.0032323;10.0784;
1;62;66.844;0.10377;80.1753;0;0.103798;0.00342127;10.0784;
1;62;66.892;0.10377;80.1753;0;0.103798;0.00349804;10.0784;
1;62;66.924;0.10377;80.1753;0;0.103798;0.00350161;10.0784;
1;62;66.956;0.10377;80.1753;0;0.103798;0.00350914;10.0784;
1;62;66.988;0.10377;80.1753;0;0.103798;0.00350714;10.0784;
1;62;67.02;0.10377;80.1753;0;0.103798;0.00350912;10.0784;
1;62;67.052;0.10377;80.1753;0;0.103798;0.00351018;10.0784;
1;62;67.085;0.10377;80.1753;0;0.103798;0.0035096;10.0784;
1;62;67.117;0.10377;80.1753;0;0.103798;0.0035187;10.0784;
1;62;67.149;0.10377;80.1753;0;0.103798;0.00351638;10.0784;
1;62;67.184;0.0998264;50.4358;0;0.0960457;0.00351267;10.3674;
1;62;67.212;0.0998264;50.4358;0;0.0960457;0.0035045;10.3674;
1;62;67.244;0.0998264;50.4358;0;0.0960457;0.00350193;10.3674;
1;62;67.292;0.0998264;50.4358;0;0.0960457;0.00350097;10.3674;
1;62;67.324;0.0998264;50.4358;0;0.0960457;0.00349724;10.3674;
1;62;67.356;0.0998264;50.4358;0;0.0960457;0.00349778;10.3674;
1;62;67.388;0.0998264;50.4358;0;0.0960457;0.00350688;10.3674;
1;62;67.42;0.0998264;50.4358;0;0.0960457;0.00417074;10.3674;
1;62;67.452;0.0998264;50.4358;0;0.0960457;0.00455206;10.3674;
1;62;67.485;0.0998264;50.4358;0;0.0960457;0.00459759;10.3674;
1;62;67.517;0.0998264;50.4358;0;0.0960457;0.00459954;10.3674;
1;62;67.55;0.0998264;50.4358;0;0.0960457;0.00459134;10.3674;
0;62;67.581;0.0998264;50.4358;0;0.0960457;0.00457856;10.3674;
1;62;67.726;0.0998264;50.4358;0;0.0960457;0.00458916;10.3674;
0;62;67.756;0.0998264;50.4358;0;0.0960457;0.00446855;10.3674;
0;62;67.917;0.0998264;50.4358;0;0.0960457;0.00446939;10.3674;
1;62;68.105;0.0998264;50.4358;0;0.0960457;0.000142974;10.3674;
1;62;68.137;0.0998264;50.4358;0;0.0960457;0.000142819;10.3674;
1;62;68.169;0.0998264;50.4358;0;0.0960457;6.30462e-005;10.3674;
1;64;68.188;0.0964739;17.0442;0;0.0878566;6.30468e-005;11.1862;
1;64;68.22;0.0964739;17.0442;0;0.0878566;4.05616e-005;11.1862;
1;64;68.253;0.0964739;17.0442;0;0.0878566;4.05622e-005;11.1862;
1;64;68.285;0.0964739;17.0442;0;0.0878566;4.05623e-005;11.1862;
1;64;68.32;0.0964739;17.0442;0;0.0878566;4.05629e-005;11.1862;
1;64;68.348;0.0964739;17.0442;0;0.0878566;4.0563e-005;11.1862;
1;64;68.382;0.0964739;17.0442;0;0.0878566;4.05632e-005;11.1862;
1;64;68.413;0.0964739;17.0442;0;0.0878566;4.05634e-005;11.1862;
1;64;68.444;0.0964739;17.0442;0;0.0878566;4.05637e-005;11.1862;
1;64;68.476;0.0964739;17.0442;0;0.0878566;4.05642e-005;11.1862;
1;64;68.514;0.0964739;17.0442;0;0.0878566;4.05649e-005;11.1862;
0;64;68.556;0.0964739;17.0442;0;0.0878566;4.05662e-005;11.1862;
1;64;68.694;0.0964739;17.0442;0;0.0878566;3.42403e-005;11.1862;
0;64;68.773;0.0964739;17.0442;0;0.0878566;3.42393e-005;11.1862;
0;50;68.95;0.107283;29.0907;0;0.0933965;3.42386e-005;7.83197;
0;50;69.112;0.107283;29.0907;0;0.0933965;3.41941e-005;7.83197;
0;50;69.271;0.107283;29.0907;0;0.0933965;3.41826e-005;7.83197;
0;50;69.464;0.107283;29.0907;0;0.0933965;3.41815e-005;7.83197;
0;46;69.67;0.11133;65.309;0;0.0893035;3.41472e-005;6.98474;
0;46;69.84;0.11133;65.309;0;0.0893035;3.4144e-005;6.98474;
0;46;70.054;0.11133;65.309;0;0.0893035;3.41454e-005;6.98474;
0;46;70.264;0.11133;65.309;0;0.0893035;3.41463e-005;6.98474;
0;46;70.456;0.11133;65.309;0;0.0893035;3.41473e-005;6.98474;
0;46;70.648;0.11133;65.309;0;0.0893035;3.41481e-005;6.98474;
0;46;70.824;0.11133;65.309;0;0.0893035;3.41553e-005;6.98474;
0;65;70.996;0.142163;110.434;0;0.105519;3.41563e-005;7.62468;
0;65;71.177;0.142163;110.434;0;0.105519;4.48174e-005;7.62468;
0;65;71.355;0.142163;110.434;0;0.105519;4.48514e-005;7.62468;
0;65;71.551;0.142163;110.434;0;0.105519;7.44271e-005;7.62468;
0;65;71.769;0.142163;110.434;0;0.105519;7.44278e-005;7.62468;
0;65;71.957;0.142163;110.434;0;0.105519;0.000215391;7.62468;
0;65;72.133;0.142163;110.434;0;0.105519;0.000215389;7.62468;
0;51;72.281;0.15176;40.9391;0;0.118385;0.000215387;5.65003;
0;51;72.434;0.15176;40.9391;0;0.118385;0.000215386;5.65003;
0;51;72.632;0.15176;40.9391;0;0.118385;0.000215385;5.65003;
0;51;72.796;0.15176;40.9391;0;0.118385;0.000215384;5.65003;
0;51;72.962;0.15176;40.9391;0;0.118385;0.000215385;5.65003;
0;51;73.141;0.15176;40.9391;0;0.118385;0.000215385;5.65003;
0;49;73.362;0.155307;6.94521;0;0.120726;0.000215385;5.34004;
0;49;73.562;0.155307;6.94521;0;0.120726;0.000215381;5.34004;
0;49;73.739;0.155307;6.94521;0;0.120726;0.000215375;5.34004;
0;49;73.94;0.155307;6.94521;0;0.120726;0.01065;5.34004;
0;49;74.119;0.155307;6.94521;0;0.120726;0.0107188;5.34004;
0;49;74.299;0.155307;6.94521;0;0.120726;0.0108334;5.34004;
0;49;74.516;0.155307;6.94521;0;0.120726;0.0165085;5.34004;
0;49;74.715;0.155307;6.94521;0;0.120726;0.0196937;5.34004;
0;47;74.858;0.14622;39.9721;0;0.115598;0.0191822;5.37263;
0;47;75.016;0.14622;39.9721;0;0.115598;0.0433093;5.37263;
0;47;75.248;0.14622;39.9721;0;0.115598;0.0460344;5.37263;
